-- MySQL dump 10.13  Distrib 8.0.22, for Win64 (x86_64)
--
-- Host: localhost    Database: vk
-- ------------------------------------------------------
-- Server version	8.0.22

/*!40101 SET @OLD_CHARACTER_SET_CLIENT=@@CHARACTER_SET_CLIENT */;
/*!40101 SET @OLD_CHARACTER_SET_RESULTS=@@CHARACTER_SET_RESULTS */;
/*!40101 SET @OLD_COLLATION_CONNECTION=@@COLLATION_CONNECTION */;
/*!50503 SET NAMES utf8mb4 */;
/*!40103 SET @OLD_TIME_ZONE=@@TIME_ZONE */;
/*!40103 SET TIME_ZONE='+00:00' */;
/*!40014 SET @OLD_UNIQUE_CHECKS=@@UNIQUE_CHECKS, UNIQUE_CHECKS=0 */;
/*!40014 SET @OLD_FOREIGN_KEY_CHECKS=@@FOREIGN_KEY_CHECKS, FOREIGN_KEY_CHECKS=0 */;
/*!40101 SET @OLD_SQL_MODE=@@SQL_MODE, SQL_MODE='NO_AUTO_VALUE_ON_ZERO' */;
/*!40111 SET @OLD_SQL_NOTES=@@SQL_NOTES, SQL_NOTES=0 */;

--
-- Table structure for table `comments`
--

DROP TABLE IF EXISTS `comments`;
/*!40101 SET @saved_cs_client     = @@character_set_client */;
/*!50503 SET character_set_client = utf8mb4 */;
CREATE TABLE `comments` (
  `id` bigint unsigned NOT NULL AUTO_INCREMENT,
  `user_id` bigint unsigned NOT NULL,
  `post_id` bigint unsigned NOT NULL,
  `comment` text CHARACTER SET utf8 COLLATE utf8_unicode_ci,
  `created_at` datetime DEFAULT CURRENT_TIMESTAMP,
  `updated_at` datetime DEFAULT CURRENT_TIMESTAMP ON UPDATE CURRENT_TIMESTAMP,
  PRIMARY KEY (`id`),
  KEY `user_id` (`user_id`),
  KEY `post_id` (`post_id`),
  CONSTRAINT `comments_ibfk_1` FOREIGN KEY (`user_id`) REFERENCES `users` (`id`),
  CONSTRAINT `comments_ibfk_2` FOREIGN KEY (`post_id`) REFERENCES `posts` (`id`)
) ENGINE=InnoDB AUTO_INCREMENT=101 DEFAULT CHARSET=utf8 COLLATE=utf8_unicode_ci;
/*!40101 SET character_set_client = @saved_cs_client */;

--
-- Dumping data for table `comments`
--

LOCK TABLES `comments` WRITE;
/*!40000 ALTER TABLE `comments` DISABLE KEYS */;
INSERT INTO `comments` VALUES (1,46,85,'Esse soluta dolorem beatae occaecati reiciendis nesciunt qui. Dignissimos nam et fugiat nesciunt est. Odio nobis ad explicabo et voluptatem velit sit.','2009-12-25 22:00:28','1996-10-09 03:33:22'),(2,37,4,'Impedit beatae consequatur dolorem molestias possimus quidem. Quos et veniam accusantium quaerat est doloribus. Voluptatum quas cumque est.','1979-04-05 18:23:05','1993-03-14 15:55:06'),(3,62,37,'Et animi illum velit suscipit est. Distinctio quis nulla voluptatum et impedit aut quia. Cum nostrum sit sed aut enim eos iure aliquam. Et magnam eum officia eligendi mollitia possimus illum.','2008-03-20 19:37:23','2007-03-20 13:49:57'),(4,28,44,'Aut qui dolorem ut quis nisi quidem. Et quas molestias saepe quia quia ipsam numquam. Sit est et et dolorem vel qui aut.','2013-09-04 04:06:21','1977-06-09 15:11:22'),(5,10,15,'Exercitationem voluptatem quam officia est eaque rerum quibusdam. Rerum in et quasi.\nAb voluptate id dolor a ut. Ex aut qui ea ex. Dolores repellat ut aut quia.','1971-11-11 20:21:15','1976-10-25 10:59:12'),(6,75,13,'Enim et perferendis consequatur. Fuga fugit consequatur molestiae nesciunt vitae dolores. Adipisci id laudantium aliquid sequi accusamus. Alias voluptatem sint earum praesentium et ut quod.','1995-06-26 00:45:54','1970-05-13 06:13:03'),(7,27,56,'Fuga tenetur qui rerum consectetur laudantium voluptatum. Vel non voluptatum consequatur est. Animi et ut animi sequi nam. Eum aut rem eligendi animi. Sit quasi at rerum nesciunt.','2016-06-09 15:37:02','2017-04-05 19:24:00'),(8,56,14,'Voluptate fuga enim suscipit quam architecto qui laborum. Quod quos quaerat corporis consequuntur. Sit sed ipsa illum porro sit cumque.','1988-05-25 11:19:26','1982-02-28 03:33:21'),(9,96,34,'Aliquam dolorum assumenda voluptatem quod non similique. A nisi dolorem dolorem quae. Voluptatem dolore sint ut.','1994-05-31 15:54:49','2020-03-09 02:11:47'),(10,44,74,'Delectus enim consectetur accusantium ut laborum voluptatem id illo. Nesciunt consequatur corrupti ducimus quia. Perspiciatis perspiciatis nesciunt et magnam qui non.','2003-09-30 02:28:36','2003-07-31 20:18:27'),(11,93,80,'Fuga odio omnis magni nulla. Tempora quia perferendis ipsa et. Optio quos eveniet soluta commodi autem et. Similique itaque eligendi deleniti vitae maiores velit.','2008-03-29 10:39:50','1983-07-28 23:35:11'),(12,94,23,'Explicabo illum ut asperiores vel enim illo eum. Vel dolorum delectus quae commodi vero. Sint officiis eaque excepturi perspiciatis quia nemo. Dicta dolores ipsa et ipsam quae.','2015-06-02 10:28:12','2007-08-20 12:33:59'),(13,71,69,'Voluptate esse accusamus ex id nobis. Voluptas nostrum quia vitae ex. Consequatur dolorum voluptatem velit repellat eveniet. Perferendis quos vitae nobis rem voluptates laudantium nihil.','1985-11-21 15:16:31','2009-11-07 01:27:35'),(14,21,34,'Quidem ex nihil ut aut ab. Nostrum minus at sit pariatur. Dolorum in quod dolores molestiae.','1992-06-24 08:14:57','2008-12-22 03:08:32'),(15,90,18,'Aut dignissimos qui quae praesentium aut. Ut vitae maxime soluta officiis. Quia et et neque deleniti. Impedit provident maiores illum laboriosam dolorum.','1980-05-01 03:08:37','2010-07-10 19:43:37'),(16,25,35,'Rerum tempora est omnis magni dolorem ab ad. Illo maiores asperiores qui vel saepe aliquam. Quis quos ea fuga suscipit. Mollitia qui eius dignissimos iusto quia fuga accusamus.','1988-01-08 20:51:54','1985-07-20 05:42:08'),(17,2,62,'Velit iure molestiae ipsa id. Minus quia sunt porro perferendis corporis natus. Quia ratione esse labore qui aut voluptatum. Asperiores veritatis enim rerum labore reiciendis optio quisquam aut.','1982-03-09 00:06:26','1992-12-16 09:08:58'),(18,38,64,'Exercitationem sapiente illum nisi eligendi. Adipisci odit id accusamus. Voluptate esse similique recusandae. Est a nesciunt ratione.','2019-01-02 06:53:51','2010-07-30 08:41:28'),(19,99,66,'Sed modi non dolorem in maxime ea. Perferendis iusto minima voluptate ut laborum. Quasi nihil rem non.','2010-01-19 14:27:17','1996-08-09 04:56:38'),(20,8,9,'Doloribus laborum labore maiores ut aut commodi. Possimus ut excepturi provident ex quia amet qui. Non pariatur sunt rerum.','2004-11-30 01:19:32','2015-09-25 05:58:54'),(21,80,82,'Eos id adipisci nemo atque voluptatem recusandae et. Fuga et impedit sequi voluptates repellat aut est et. Exercitationem nisi porro vel facilis cupiditate perspiciatis fuga.','1983-11-17 00:17:01','1990-12-20 13:08:29'),(22,21,7,'Illum nihil illo voluptate deserunt officia harum. Fugiat earum expedita dolorem facilis fugit non. Vel enim enim cupiditate in molestiae magnam. Sed assumenda et et eos.','2006-06-08 16:28:57','1993-12-06 10:32:58'),(23,37,76,'Perferendis praesentium et dolore non. Laudantium hic non iusto magnam ducimus et.','1983-11-07 22:45:07','1994-04-02 13:13:43'),(24,21,33,'Consectetur voluptatum et placeat enim fugiat possimus. Sunt odit explicabo sed aut architecto facilis. Minus repellat praesentium aut iure. Aliquid voluptate occaecati fugit porro et.','2013-05-06 13:56:42','1972-05-02 02:50:52'),(25,10,64,'Sequi ad earum sit eum. Tempore pariatur omnis pariatur tempora facere et. Debitis ut ratione sed.','1989-01-25 14:26:17','1997-08-13 22:39:21'),(26,7,2,'Quos dolorum dolor minus vel sint qui. Deserunt dolor sit quae excepturi vitae sed. Eum est enim ea.','1994-06-24 15:10:09','2020-08-12 13:33:21'),(27,43,100,'Enim hic illum beatae voluptates maxime. Consequuntur voluptas at magnam tenetur dolores enim.','1972-05-05 09:24:18','2018-08-13 10:17:54'),(28,25,14,'Ab quia et eaque molestias non. Eius harum voluptatem officia consequatur repellat quas. Incidunt ducimus nesciunt et id nemo. Aspernatur aut est distinctio corporis.','1996-07-11 10:13:51','1972-08-22 06:53:41'),(29,69,45,'Exercitationem harum aut enim voluptate. Et veritatis quo id reiciendis qui laborum atque accusamus. Officiis quia facere molestiae laudantium ut qui laborum. Totam ipsum eaque laborum non.','1970-10-11 15:55:31','1977-01-06 04:01:39'),(30,48,58,'Voluptatum sunt hic facilis asperiores. Consectetur eveniet qui necessitatibus. Nisi est magnam illum inventore voluptatum minus.','1996-11-26 00:54:38','1971-02-28 16:26:16'),(31,63,73,'Similique recusandae beatae labore accusantium possimus. Fugiat aut quis corporis nihil error soluta laborum.','2005-11-05 05:49:27','1988-03-01 21:41:00'),(32,92,64,'Ad unde quos est cumque est. Ut accusamus eveniet iure magni.','1988-11-04 08:26:04','2011-10-21 14:38:34'),(33,34,30,'Et quia quo doloribus. Deleniti ea perspiciatis rerum debitis. Est in nemo accusantium sunt. Optio eum nihil labore numquam repellat voluptas totam.','2018-07-20 08:19:39','1998-07-13 08:32:46'),(34,27,32,'Sit nisi saepe corrupti maiores eum. Qui eveniet et enim adipisci earum. Nesciunt voluptatem vero consectetur dolorem.','1996-08-15 10:31:38','1980-02-26 11:33:53'),(35,95,35,'Et officia reprehenderit est et. Est dolores adipisci enim nulla. Culpa aperiam excepturi totam voluptatum.','1996-06-20 03:21:15','2007-08-11 16:50:12'),(36,40,75,'Omnis doloribus ex minus quibusdam corporis autem. Voluptas consequuntur quia architecto culpa commodi quidem. Labore impedit ut voluptatum explicabo.','1972-03-22 08:47:31','2003-05-28 00:14:21'),(37,16,61,'Dolor minus enim eos qui. Et pariatur voluptatem voluptas quam amet eos hic sunt. Eos similique et vel aut unde.','2011-11-13 14:23:26','1995-11-21 12:43:00'),(38,81,53,'Sunt dignissimos repellendus sint velit et. A dolores ipsa illum eveniet. Excepturi sequi impedit voluptates accusamus necessitatibus rerum quisquam suscipit. Nobis atque et odio voluptate.','1977-07-29 07:02:47','2009-03-29 22:39:35'),(39,37,2,'Commodi iste ut repudiandae nisi. Magni quisquam accusantium ut voluptatum consequatur. Qui dolores sed amet. Consequatur omnis illum hic.','1983-03-12 20:25:52','1974-03-12 09:51:57'),(40,85,47,'Laudantium consequuntur voluptas ullam a ipsum modi. Cum excepturi fugit vel praesentium nesciunt molestiae.','2006-10-21 03:02:22','2020-03-25 01:11:45'),(41,65,92,'Mollitia eligendi eius aut. Qui sint sunt deleniti ipsa eum cupiditate. Molestias sint vero repellendus quo ipsam velit.','2001-06-06 09:24:00','2003-04-26 18:28:38'),(42,49,8,'Aperiam incidunt aperiam fugiat et atque. Assumenda expedita doloremque neque aut voluptas. Aut alias quae eum voluptatem. Vitae sed labore odit nemo qui facere.','2008-09-16 00:07:26','2003-06-08 05:39:59'),(43,91,73,'A reprehenderit rerum omnis voluptatem. Quia deserunt vel aspernatur voluptatibus sed unde quia dignissimos.','1995-08-17 04:30:51','1989-04-15 06:28:16'),(44,22,59,'Et reprehenderit quas et in maxime. Aut ducimus voluptatem ipsa. Corporis nihil minus aut earum. Sunt officiis aspernatur sit placeat cum sit deserunt. Architecto eos non aliquid corrupti est ullam.','1977-06-18 07:49:20','1998-07-28 06:43:19'),(45,18,69,'Officiis quae et animi ex itaque ratione ut. Tempore dicta neque molestiae labore officia. Quibusdam ab quia nisi occaecati nihil ducimus dolorem. Ipsam inventore sed adipisci non libero quis autem.','1972-01-20 17:50:28','2003-11-24 04:05:23'),(46,17,80,'Quas rem dolores natus. Et quam est et excepturi ab sit. Et numquam est voluptas ex quidem. Ea ut quo dolorem nobis illo consectetur cum.','2008-04-26 02:06:18','2007-12-07 04:34:04'),(47,41,8,'Libero id pariatur autem debitis veniam assumenda reiciendis. Aut rem aperiam quia. Dolore ut doloremque sint delectus et. Maiores numquam assumenda dolores sunt qui.','2003-09-14 08:43:07','2008-01-20 06:20:02'),(48,44,75,'Maxime nesciunt natus quia qui maiores vero. Fugiat hic est quaerat est iusto ea magni adipisci. Ut aliquam sequi voluptatem quibusdam minus.','2003-03-28 05:13:46','2006-07-06 04:12:23'),(49,37,71,'Minima voluptas eos nam fuga ad et ullam. Voluptate in id maxime dolorum exercitationem. Et est doloremque id et aut voluptatibus. Qui a mollitia impedit sed.','1971-06-11 04:43:30','2015-10-19 01:07:45'),(50,7,32,'Sed et quod nisi et qui. Nobis aut aut eum impedit. Ea officia aliquid aut hic corporis perspiciatis.','1992-12-14 10:41:25','1993-02-18 18:00:25'),(51,5,47,'Praesentium molestiae ex deserunt quae rerum. Modi vitae sed ut ipsa in totam voluptate. Rerum sapiente aut laudantium eaque nulla sint.','1975-03-03 15:18:53','1974-07-10 21:05:01'),(52,6,21,'Commodi ut impedit corrupti provident. Ipsa provident qui adipisci. Et neque cupiditate consectetur repellendus dolorum officiis.','1999-05-18 08:47:06','2019-05-23 01:09:33'),(53,7,86,'Eveniet laborum et eos nemo accusantium. Ut neque consequuntur repellendus. Ut magnam consectetur qui cumque error. Perferendis suscipit laborum odit perferendis.','1989-06-06 20:25:56','2006-10-09 13:14:19'),(54,73,44,'Ratione et aliquam dolorem iure. Quod minus ea laborum earum est. Numquam eveniet quis magnam in iste tempore. Quas nam cumque ipsa eius. Quis unde repellat repellat sed.','1975-07-17 00:57:56','1989-10-12 23:20:22'),(55,88,58,'Atque occaecati enim in atque omnis fugit temporibus. Aut eius dolorum rerum amet sequi magnam et. Est eaque magnam qui officia eum impedit inventore.','1974-08-16 23:04:14','2014-01-29 14:05:48'),(56,90,52,'Impedit corrupti iusto sint blanditiis nisi id. Ab quasi sit rerum ut quia quis incidunt. Animi exercitationem quo ratione voluptatibus.','1973-02-03 20:01:12','1985-06-28 12:16:55'),(57,49,38,'Quasi dolores soluta optio. Praesentium libero nemo perspiciatis ut qui dolor laborum. Fugiat ad voluptatibus quis fugiat est. Distinctio vitae non nobis vero molestiae animi.','2010-02-24 07:48:37','1984-02-15 11:23:27'),(58,60,40,'Distinctio enim enim quaerat. Explicabo voluptatem hic possimus molestias sint. Et a vero voluptatem.','2016-10-12 21:38:31','1973-06-16 21:53:03'),(59,11,81,'Quia officia odit suscipit quo quia odit odio. Eveniet modi et dolorum a dolores. Ipsam harum corporis sed et fuga corrupti dolor.','1997-09-19 01:10:37','1970-02-15 05:34:02'),(60,99,29,'Odit omnis occaecati non neque reiciendis officia. Ipsa dolor dolores voluptatem. Odit aut sint quis et sapiente aut quo.','1996-05-12 08:57:18','2002-05-28 02:39:33'),(61,49,15,'Voluptatibus cum vitae ratione. Sunt asperiores sequi voluptatum veniam autem eveniet. Et illo ducimus enim. Nobis perferendis adipisci molestiae aut et.','1979-04-02 19:29:32','1983-05-18 20:48:07'),(62,8,90,'Sunt sequi hic debitis velit velit. Corrupti ullam et voluptatem debitis. Doloremque quis quod quo non culpa vero odit.','1981-12-28 03:44:20','2009-03-04 23:17:17'),(63,22,52,'Ipsam rem occaecati autem sit molestiae officia. Voluptatem illum magnam iusto sed quia architecto aut. Voluptas laudantium quia eos nobis non odit aperiam.','2011-05-28 15:09:21','1997-07-08 20:46:58'),(64,64,59,'Soluta ad nostrum ad maiores ea architecto iure et. Eligendi aut eum vel sed qui odit. Doloribus earum qui impedit recusandae omnis asperiores.','1979-10-24 09:58:09','2019-08-23 15:46:33'),(65,23,70,'Ipsum eos molestiae corrupti. Aut rerum nulla eius voluptas culpa adipisci.','1990-06-11 19:46:19','1993-01-11 14:03:24'),(66,91,28,'Iste sapiente ut omnis consectetur ab ipsam. Tempora asperiores autem laudantium asperiores. Est dolores quibusdam ad ut id cum.','1982-10-06 09:47:58','1991-02-28 00:40:05'),(67,17,96,'Incidunt delectus nostrum consequatur quo possimus modi. Nihil odio esse animi at unde. Nihil velit dignissimos numquam ea. Illo consectetur iste quia quia.','2017-08-09 14:27:06','1987-09-17 16:08:14'),(68,48,24,'Omnis qui molestiae ut eum rerum asperiores. Dolorem voluptate at vel. Rerum quia voluptates error velit dicta. Aut pariatur vero praesentium molestias quasi nihil.','1988-08-30 02:55:53','2010-02-26 16:20:14'),(69,82,21,'Voluptatem neque recusandae eligendi in voluptas vel aut. Quibusdam dolor a aut mollitia natus itaque explicabo labore.','1993-08-19 08:53:13','1984-02-07 16:09:47'),(70,67,69,'Omnis quis rem suscipit. Voluptas consequatur quod officia fugiat quis voluptatem. Iure pariatur velit quis in officia accusantium ea. Aliquid qui voluptatibus qui ut ex tempore.','1974-10-18 12:46:18','1986-04-23 12:27:56'),(71,79,56,'Esse rem voluptas vel dolor distinctio exercitationem qui. Et numquam sed dicta ipsam voluptas cumque. Illo minus est veniam quod. Ut velit deserunt officiis mollitia ex.','1995-09-19 22:46:45','1997-06-18 01:23:38'),(72,21,28,'Rerum et vero et modi delectus nihil. Tenetur dolores autem sequi eius. Vel officia praesentium sapiente itaque natus esse. Ut et est odit excepturi impedit autem aliquam qui.','2018-04-11 03:49:39','1997-03-15 20:34:30'),(73,94,80,'Mollitia beatae rerum in libero. Earum et est commodi consectetur sit. Earum modi consequuntur esse provident officiis quo at sunt.','1979-03-04 20:44:32','2020-03-01 10:14:24'),(74,67,4,'Quia aut aliquid provident et molestiae eligendi cupiditate. Dolorum hic itaque et. Accusamus culpa natus quo id magnam id explicabo autem.','2011-03-01 22:33:59','2010-02-14 07:42:58'),(75,60,65,'Fuga ea cupiditate magnam voluptates nobis vitae atque omnis. Omnis doloribus sunt distinctio aut ut iure facere perspiciatis. Illum quia et quae repudiandae.','1998-07-06 10:02:33','2004-10-15 10:14:53'),(76,32,9,'Eveniet error voluptatem eum provident. Enim nihil minima a omnis quibusdam tempore alias. Voluptatem voluptas iure vel mollitia rem inventore dolor. Officia alias aut dolor placeat dolores amet.','2004-04-02 09:17:35','1975-06-22 11:22:44'),(77,79,40,'Ut eos asperiores provident sed non cumque mollitia. Eveniet cupiditate reiciendis deserunt et. Aut nam enim fugiat dignissimos. Quo quod molestiae omnis magni quam.','2017-10-01 07:56:48','1987-10-09 20:49:12'),(78,98,1,'Quia voluptatem suscipit ut. Amet labore quis molestias sit dolores fugiat. Non sequi officia reprehenderit pariatur corporis.','2005-01-13 03:20:40','1992-02-19 10:43:56'),(79,92,62,'Error et id rerum consequuntur perferendis. Qui quisquam sint praesentium ea. Porro consectetur omnis nobis porro eveniet corrupti quia.','1990-11-24 15:46:31','1976-10-29 21:12:36'),(80,60,14,'Voluptatem voluptas hic animi iste. Eos impedit harum nulla et id. Libero ut ad dolorum delectus enim laboriosam.','1971-11-30 08:38:34','1972-10-26 14:40:01'),(81,32,50,'Cum sint aperiam quibusdam omnis. Culpa molestiae expedita qui doloremque pariatur beatae vel. Tempore illum enim quis animi eveniet.','2007-07-10 05:32:57','1999-01-15 01:38:21'),(82,41,48,'Ut quia eaque iure id. Qui minima aliquam excepturi expedita dolores. Iste molestiae voluptas sunt ipsam sequi.','2019-09-05 21:28:04','1996-12-13 10:15:31'),(83,45,89,'Veritatis fugit quia et perferendis. Sunt in deleniti sequi mollitia possimus natus. Voluptas aliquid tenetur voluptas eum ipsa quasi.','1981-03-03 15:09:16','2001-12-04 22:39:03'),(84,71,26,'Fuga quia commodi rem ab sapiente corrupti sint qui. Non est enim nisi laboriosam modi excepturi consectetur. Enim incidunt voluptatem blanditiis delectus omnis adipisci.','2013-11-24 08:56:27','1988-07-16 22:15:51'),(85,9,38,'Non blanditiis quis nisi veritatis quos. Qui error doloribus molestiae et rerum temporibus voluptates. Iste id ea unde expedita. Expedita qui vel vero fugit est exercitationem rerum repellendus.','2017-02-11 11:21:13','1985-03-07 22:53:28'),(86,95,87,'Sunt quia blanditiis porro doloribus saepe dolorem. Qui ut atque odit tempore dolores voluptatem. Inventore facilis ea rerum.','2007-08-25 03:52:24','1992-10-22 20:46:14'),(87,94,15,'Occaecati consequatur excepturi saepe perferendis sed quasi ad. Quaerat deleniti eaque eum error ipsa iste. Magnam et alias deleniti omnis.','2017-11-25 01:51:13','2002-08-01 21:27:01'),(88,14,87,'Repudiandae eos ea odio laboriosam. Aut rerum magnam numquam saepe dolorum voluptatem. Voluptatibus consectetur numquam ullam et.','1999-12-19 20:29:38','1974-10-27 09:58:34'),(89,95,81,'Aut sunt accusantium reprehenderit. Vitae voluptas sed ad et. Dicta qui a quasi quia a ab.','2018-09-19 02:54:13','1984-04-23 06:06:38'),(90,90,55,'Suscipit hic aut autem perspiciatis repellat necessitatibus non. Aut sed animi sapiente eveniet dolor est atque. Non velit quia inventore et ut ad et officiis.','1996-09-18 17:12:43','1974-06-23 12:26:01'),(91,45,22,'Id dolorem cupiditate quo. Exercitationem voluptatem consequatur quis libero expedita labore quia occaecati. Voluptas nulla dolorem quisquam fugiat quaerat sunt ullam.','1992-11-01 05:16:34','1975-02-11 18:30:20'),(92,63,24,'Error sit velit sint aut deserunt molestias ex. Mollitia aliquid itaque excepturi qui sit aut consequuntur. Fugiat et repellendus fugit. Quis voluptas reprehenderit nesciunt error.','1988-03-02 14:08:50','2004-07-01 09:37:17'),(93,62,61,'Atque sed quae minima deleniti consequatur neque illum possimus. Consectetur odit et sint praesentium est et provident. Iste ipsum vel quam sit. Asperiores similique voluptatum perspiciatis.','1979-01-20 10:14:39','1974-11-02 00:49:04'),(94,24,53,'Rerum unde molestias qui. Voluptatem voluptatem sed qui aliquid dolores. Qui repellendus quos velit qui laborum officiis magnam.','2006-10-25 21:12:43','1984-08-27 09:50:47'),(95,23,83,'Nihil ea tenetur consectetur dolore magni sunt dolorem. Nisi eius magni at consequatur est in hic. Alias nisi molestiae sapiente fugit deserunt similique provident.','2006-02-18 17:26:57','2005-02-18 02:41:09'),(96,66,54,'Exercitationem repudiandae sed cupiditate laudantium architecto. Numquam iusto eius aliquam cum autem. Facilis eligendi laboriosam facere et illo voluptatem.','1989-11-23 11:28:30','2010-03-01 00:49:40'),(97,33,7,'Corrupti ut illum error amet labore et odio dolore. Quidem vel dolorem rerum dignissimos aut assumenda in. Assumenda rerum impedit cum ipsam. Incidunt vitae dolor error nihil.','1975-03-20 07:07:21','2007-12-23 20:08:41'),(98,2,77,'Asperiores necessitatibus laudantium quam expedita rerum. Modi fugiat rerum libero eos aperiam explicabo. Et fugiat enim accusamus maiores odio.','1997-08-26 03:08:38','1971-06-02 08:02:36'),(99,96,72,'Nobis illo perferendis libero esse beatae. Aut incidunt reiciendis quaerat et beatae sit optio. Nobis voluptatem id aut sunt tenetur qui.','2007-04-14 20:46:52','1987-02-05 19:50:22'),(100,3,4,'Impedit nesciunt incidunt tempora eius. Quia provident voluptates voluptatem eligendi perspiciatis. Dicta et voluptas reprehenderit dignissimos. Quae tempore libero non magni.','1986-04-20 23:15:24','2001-12-03 03:37:52');
/*!40000 ALTER TABLE `comments` ENABLE KEYS */;
UNLOCK TABLES;

--
-- Table structure for table `communities`
--

DROP TABLE IF EXISTS `communities`;
/*!40101 SET @saved_cs_client     = @@character_set_client */;
/*!50503 SET character_set_client = utf8mb4 */;
CREATE TABLE `communities` (
  `id` bigint unsigned NOT NULL AUTO_INCREMENT,
  `name` varchar(150) CHARACTER SET utf8 COLLATE utf8_unicode_ci DEFAULT NULL,
  PRIMARY KEY (`id`),
  KEY `name` (`name`)
) ENGINE=InnoDB AUTO_INCREMENT=31 DEFAULT CHARSET=utf8 COLLATE=utf8_unicode_ci;
/*!40101 SET character_set_client = @saved_cs_client */;

--
-- Dumping data for table `communities`
--

LOCK TABLES `communities` WRITE;
/*!40000 ALTER TABLE `communities` DISABLE KEYS */;
INSERT INTO `communities` VALUES (7,'accusantium'),(10,'aut'),(6,'autem'),(22,'deleniti'),(23,'dolor'),(16,'dolores'),(19,'doloribus'),(9,'est'),(8,'et'),(3,'eveniet'),(26,'eveniet'),(18,'fuga'),(24,'id'),(27,'ipsum'),(21,'laborum'),(17,'modi'),(14,'nesciunt'),(28,'non'),(13,'quas'),(25,'qui'),(4,'quidem'),(12,'quis'),(30,'quos'),(2,'sit'),(29,'tempora'),(15,'tempore'),(5,'ut'),(1,'velit'),(11,'velit'),(20,'voluptas');
/*!40000 ALTER TABLE `communities` ENABLE KEYS */;
UNLOCK TABLES;

--
-- Table structure for table `friend_requests`
--

DROP TABLE IF EXISTS `friend_requests`;
/*!40101 SET @saved_cs_client     = @@character_set_client */;
/*!50503 SET character_set_client = utf8mb4 */;
CREATE TABLE `friend_requests` (
  `initiator_user_id` bigint unsigned NOT NULL,
  `target_user_id` bigint unsigned NOT NULL,
  `status` enum('requested','approved','unfriended','declined') CHARACTER SET utf8 COLLATE utf8_unicode_ci DEFAULT NULL,
  `requested_at` datetime DEFAULT CURRENT_TIMESTAMP,
  `confirmed_at` datetime DEFAULT CURRENT_TIMESTAMP ON UPDATE CURRENT_TIMESTAMP,
  PRIMARY KEY (`initiator_user_id`,`target_user_id`),
  KEY `initiator_user_id` (`initiator_user_id`),
  KEY `target_user_id` (`target_user_id`),
  CONSTRAINT `friend_requests_ibfk_1` FOREIGN KEY (`initiator_user_id`) REFERENCES `users` (`id`),
  CONSTRAINT `friend_requests_ibfk_2` FOREIGN KEY (`target_user_id`) REFERENCES `users` (`id`)
) ENGINE=InnoDB DEFAULT CHARSET=utf8 COLLATE=utf8_unicode_ci;
/*!40101 SET character_set_client = @saved_cs_client */;

--
-- Dumping data for table `friend_requests`
--

LOCK TABLES `friend_requests` WRITE;
/*!40000 ALTER TABLE `friend_requests` DISABLE KEYS */;
INSERT INTO `friend_requests` VALUES (1,32,'requested','2003-10-23 04:03:39','1974-02-20 02:27:55'),(1,76,'approved','1976-03-31 19:55:08','1986-07-10 12:53:35'),(2,48,'requested','1970-11-28 12:27:56','1979-12-27 19:58:53'),(3,18,'requested','2000-01-06 07:17:02','2016-02-13 14:09:15'),(6,77,'declined','1978-09-16 21:14:36','2004-07-24 11:04:19'),(8,25,'requested','1975-10-11 08:32:37','1989-11-09 19:42:07'),(12,10,'approved','2009-05-05 11:26:24','2005-02-05 15:37:39'),(12,20,'approved','1974-10-11 19:54:46','1984-08-01 16:43:29'),(13,2,'declined','1980-04-12 21:04:34','1980-03-28 10:43:10'),(13,51,'approved','2000-04-05 05:32:10','2005-06-10 17:35:42'),(15,6,'unfriended','2013-10-28 11:50:51','2006-07-27 12:31:59'),(15,65,'declined','2016-03-07 20:02:55','1977-08-03 18:51:21'),(17,22,'approved','1974-04-22 06:40:30','1973-08-23 06:03:03'),(18,9,'declined','1980-03-13 12:15:33','1995-12-17 18:13:55'),(19,26,'approved','1997-03-24 10:14:46','1988-09-13 08:11:42'),(19,30,'approved','2013-02-08 18:27:49','2007-07-23 19:29:21'),(19,34,'approved','1977-01-16 16:22:45','2011-08-17 17:10:31'),(19,68,'declined','1983-07-26 18:38:29','1997-04-25 11:23:04'),(20,22,'requested','1975-06-06 20:56:08','1991-10-06 09:35:16'),(20,96,'declined','1989-08-08 13:42:11','2009-07-06 11:19:03'),(21,21,'requested','1976-11-23 23:21:45','1982-03-10 01:01:55'),(21,76,'requested','1998-01-11 21:21:43','2003-08-03 18:53:24'),(22,98,'declined','1994-01-28 16:19:49','2007-12-26 16:28:02'),(24,56,'requested','1998-01-04 10:46:16','2001-09-14 08:07:48'),(24,70,'approved','1996-05-11 18:21:44','2011-02-22 15:43:27'),(25,31,'requested','1973-03-21 12:28:15','1987-10-17 20:03:05'),(26,15,'approved','1980-10-26 16:11:52','1998-01-15 22:50:48'),(27,73,'requested','1972-11-05 19:28:54','2018-09-01 19:40:20'),(30,11,'unfriended','1971-07-04 17:19:36','1991-11-21 10:12:20'),(30,70,'approved','1993-05-21 05:03:34','2019-09-15 19:45:56'),(30,84,'declined','2012-09-26 09:13:31','1998-07-07 18:35:21'),(30,95,'unfriended','2018-07-12 05:56:26','2020-08-01 08:47:05'),(32,17,'unfriended','2016-10-27 13:53:32','1996-08-03 03:09:03'),(32,72,'unfriended','1973-01-06 10:51:09','1971-11-19 09:23:04'),(32,91,'declined','1971-03-30 22:48:51','1983-01-13 00:15:17'),(33,2,'approved','1991-04-05 17:50:00','1986-02-11 04:24:42'),(33,95,'approved','2016-11-14 12:23:51','1994-05-05 05:25:49'),(37,37,'requested','2002-04-23 15:14:17','1997-04-22 08:49:04'),(38,23,'approved','1992-05-01 11:09:34','2010-05-03 17:20:08'),(39,3,'requested','2020-03-18 13:04:12','2007-04-23 00:06:33'),(39,92,'declined','1999-11-11 04:39:13','2007-07-28 05:40:36'),(40,41,'declined','2006-10-21 15:01:26','2000-08-25 13:10:25'),(40,67,'approved','2016-04-09 11:13:43','2018-02-27 04:36:17'),(41,67,'declined','2007-01-19 22:45:44','1977-04-21 00:56:06'),(44,7,'declined','1970-05-14 00:25:38','2006-04-02 09:48:28'),(46,81,'declined','1991-10-27 18:08:11','1978-07-02 19:37:32'),(47,53,'declined','1993-05-03 04:47:53','1983-07-18 17:52:39'),(49,81,'unfriended','1997-08-11 10:52:01','2001-08-03 18:47:36'),(50,6,'unfriended','2020-06-10 19:27:17','1992-03-07 15:53:47'),(50,58,'declined','2001-02-02 17:51:41','2012-11-16 22:42:06'),(51,44,'declined','2017-01-27 17:40:34','2004-09-30 17:01:09'),(52,27,'requested','2002-02-23 10:59:08','1974-04-01 09:18:32'),(54,3,'unfriended','2007-12-13 19:45:08','2014-01-14 08:10:03'),(55,37,'unfriended','1975-07-01 03:00:36','1974-12-11 06:10:37'),(55,43,'unfriended','2014-06-16 02:07:45','2006-05-10 21:09:24'),(55,85,'unfriended','2007-02-03 17:03:34','2018-08-28 02:53:38'),(57,63,'approved','1997-07-21 01:26:35','2002-06-21 18:13:58'),(57,87,'requested','1975-03-25 16:18:44','1997-10-21 03:26:20'),(58,25,'declined','1988-05-31 17:10:37','1976-11-04 00:50:38'),(59,54,'approved','2010-05-24 03:55:32','1974-10-22 22:32:36'),(60,78,'approved','2011-04-05 08:31:43','2018-12-25 07:01:17'),(61,90,'unfriended','1979-08-22 06:14:01','2005-07-18 17:37:58'),(62,40,'requested','1992-06-17 19:04:25','1972-11-25 08:01:44'),(64,34,'approved','1971-05-07 15:46:43','2018-01-17 11:11:02'),(65,19,'declined','1971-05-06 14:41:51','1999-04-01 13:24:35'),(66,32,'approved','2000-10-10 11:12:53','1990-04-22 19:33:54'),(67,64,'unfriended','1990-01-01 14:50:29','1997-06-05 02:56:08'),(67,87,'requested','2012-09-21 21:27:24','2016-04-16 07:47:49'),(68,2,'approved','2001-10-23 19:29:55','2017-04-18 15:33:11'),(68,33,'unfriended','1987-01-05 10:37:25','1990-03-03 02:45:29'),(68,55,'approved','1978-09-24 08:00:55','1999-01-11 01:36:14'),(69,28,'declined','1970-12-14 20:26:23','2015-11-06 03:12:38'),(69,43,'unfriended','2006-06-13 11:51:26','2020-04-05 01:13:56'),(71,17,'declined','2001-02-10 00:27:00','2019-11-07 11:22:15'),(71,20,'approved','2011-05-13 17:40:48','2000-03-06 08:25:40'),(71,35,'declined','1977-07-12 07:46:45','1976-11-03 01:22:18'),(71,98,'approved','1990-01-02 04:26:26','2019-11-27 15:31:40'),(72,34,'requested','1995-01-26 12:27:49','2005-04-08 19:53:15'),(73,30,'approved','1986-09-03 03:06:00','1996-06-04 12:11:57'),(75,38,'unfriended','2008-11-21 19:06:35','1993-03-26 11:52:50'),(75,68,'declined','1999-12-15 17:08:50','1993-03-02 04:37:33'),(76,69,'declined','1984-08-08 21:11:46','1986-10-29 13:02:27'),(77,15,'unfriended','2017-02-10 06:17:32','2017-01-18 01:16:44'),(78,90,'approved','1971-01-23 06:54:00','1990-12-09 08:16:38'),(80,56,'unfriended','1990-06-04 07:02:44','1986-07-13 12:04:49'),(81,98,'declined','1984-10-25 04:05:45','2004-07-06 20:44:22'),(82,98,'requested','1978-12-27 21:34:19','2001-09-02 01:30:15'),(83,48,'declined','2012-08-08 02:42:42','1999-04-04 20:26:57'),(85,21,'requested','2013-04-03 19:20:26','2003-12-18 19:50:32'),(85,66,'approved','2013-06-09 17:00:02','2013-04-22 09:14:57'),(88,26,'requested','2001-10-02 00:18:05','1986-08-26 13:27:29'),(88,73,'declined','1989-07-11 07:16:35','2004-12-29 10:22:22'),(90,86,'declined','1985-05-11 04:43:15','2010-11-16 11:42:40'),(93,2,'unfriended','1997-07-30 08:09:52','1975-03-30 03:58:11'),(94,39,'requested','1997-09-26 14:18:29','1971-11-15 03:25:10'),(94,66,'declined','1999-02-11 05:38:28','1973-09-09 12:12:04'),(95,58,'requested','2002-07-21 11:03:23','2004-05-06 08:52:22'),(98,85,'requested','1982-03-30 23:24:03','1992-08-30 12:21:54'),(98,100,'requested','2007-01-19 04:09:38','2009-12-30 07:29:15'),(100,1,'unfriended','2017-09-09 06:20:42','1978-09-22 07:17:34');
/*!40000 ALTER TABLE `friend_requests` ENABLE KEYS */;
UNLOCK TABLES;

--
-- Table structure for table `like_comments`
--

DROP TABLE IF EXISTS `like_comments`;
/*!40101 SET @saved_cs_client     = @@character_set_client */;
/*!50503 SET character_set_client = utf8mb4 */;
CREATE TABLE `like_comments` (
  `id` bigint unsigned NOT NULL AUTO_INCREMENT,
  `user_id` bigint unsigned NOT NULL,
  `comment_id` bigint unsigned NOT NULL,
  `created_at` datetime DEFAULT CURRENT_TIMESTAMP,
  PRIMARY KEY (`id`),
  KEY `user_id` (`user_id`),
  KEY `comment_id` (`comment_id`),
  CONSTRAINT `like_comments_ibfk_1` FOREIGN KEY (`user_id`) REFERENCES `users` (`id`),
  CONSTRAINT `like_comments_ibfk_2` FOREIGN KEY (`comment_id`) REFERENCES `comments` (`id`)
) ENGINE=InnoDB AUTO_INCREMENT=101 DEFAULT CHARSET=utf8 COLLATE=utf8_unicode_ci;
/*!40101 SET character_set_client = @saved_cs_client */;

--
-- Dumping data for table `like_comments`
--

LOCK TABLES `like_comments` WRITE;
/*!40000 ALTER TABLE `like_comments` DISABLE KEYS */;
INSERT INTO `like_comments` VALUES (1,72,78,'1995-03-06 19:06:07'),(2,94,74,'2007-12-17 16:38:28'),(3,57,86,'1984-03-02 14:53:53'),(4,79,77,'1974-08-10 20:49:22'),(5,44,35,'1993-09-13 18:56:45'),(6,50,40,'1993-08-17 08:38:33'),(7,64,70,'1986-06-24 21:48:12'),(8,3,28,'1976-11-18 01:08:01'),(9,33,32,'1997-06-06 00:36:45'),(10,4,98,'1974-08-18 11:46:55'),(11,55,52,'2016-06-25 21:25:36'),(12,53,44,'2003-04-11 18:13:04'),(13,78,28,'2020-01-11 14:58:16'),(14,42,83,'1993-01-13 02:15:56'),(15,37,41,'1982-03-17 20:55:24'),(16,35,8,'1975-06-15 19:38:38'),(17,19,29,'2000-05-31 08:14:19'),(18,82,75,'1995-11-30 22:19:42'),(19,14,61,'2015-08-14 00:02:53'),(20,52,58,'1971-08-09 08:46:08'),(21,95,1,'2016-12-18 03:19:53'),(22,97,58,'1990-05-12 14:43:16'),(23,71,100,'1973-09-04 21:00:15'),(24,86,3,'1998-11-06 03:25:51'),(25,31,90,'1975-11-28 13:07:48'),(26,1,85,'1979-04-17 18:48:23'),(27,41,53,'1981-09-22 06:18:00'),(28,29,19,'2015-09-29 21:23:45'),(29,80,71,'2016-02-16 00:57:04'),(30,1,17,'1979-05-25 01:13:59'),(31,11,36,'2011-11-23 09:19:41'),(32,25,29,'2010-12-18 20:34:40'),(33,65,7,'1971-05-14 22:16:43'),(34,4,78,'2017-04-18 13:47:03'),(35,67,56,'1995-07-29 01:05:18'),(36,35,61,'1978-03-11 02:38:03'),(37,57,31,'1999-12-28 07:00:07'),(38,19,27,'1997-08-10 22:44:37'),(39,30,5,'2015-09-04 04:20:40'),(40,30,61,'2010-10-20 02:35:57'),(41,94,31,'2002-08-06 01:09:02'),(42,46,35,'1981-12-19 09:40:17'),(43,83,75,'1984-06-11 23:34:24'),(44,54,63,'2015-12-09 18:32:35'),(45,45,55,'1989-01-30 17:44:27'),(46,80,56,'1977-05-16 21:08:59'),(47,90,4,'1986-08-28 22:39:43'),(48,85,54,'2017-02-10 23:38:36'),(49,10,89,'1990-12-22 17:13:51'),(50,32,76,'1989-02-24 18:03:59'),(51,44,66,'2012-11-17 01:38:42'),(52,37,1,'2005-11-23 21:31:05'),(53,97,55,'1995-11-22 20:37:53'),(54,28,27,'1987-04-15 09:27:18'),(55,60,57,'1984-02-19 01:58:52'),(56,88,53,'1980-10-21 04:19:13'),(57,87,34,'2007-03-02 23:55:02'),(58,88,70,'2008-03-25 08:16:19'),(59,8,41,'2018-06-18 17:13:32'),(60,33,53,'1999-09-17 03:43:47'),(61,95,12,'2013-12-03 20:18:03'),(62,9,85,'2009-03-09 02:04:46'),(63,15,93,'2002-09-30 05:09:12'),(64,38,25,'1990-11-02 10:22:35'),(65,81,69,'1981-05-16 09:51:05'),(66,1,25,'1975-01-14 23:47:24'),(67,35,37,'1989-01-08 06:05:37'),(68,26,32,'1974-08-24 10:36:32'),(69,92,53,'1978-10-27 00:22:52'),(70,58,51,'2004-08-12 01:29:14'),(71,9,46,'1972-09-09 17:09:42'),(72,4,96,'1996-05-08 05:33:12'),(73,79,91,'1995-09-27 01:15:15'),(74,66,87,'1994-11-22 20:01:42'),(75,31,98,'1971-08-08 20:17:42'),(76,39,26,'2004-12-29 18:20:04'),(77,9,47,'1996-05-11 19:02:03'),(78,10,24,'2007-11-29 12:22:27'),(79,40,48,'1982-03-12 18:28:39'),(80,48,21,'2001-07-03 02:10:11'),(81,16,49,'1972-05-17 00:22:20'),(82,46,51,'2010-05-22 15:49:25'),(83,85,71,'1998-01-17 18:18:41'),(84,82,77,'2004-02-23 00:15:03'),(85,23,40,'1987-06-02 04:59:45'),(86,27,32,'2012-11-12 12:10:08'),(87,85,31,'2009-08-17 16:29:07'),(88,27,63,'1976-11-10 22:46:03'),(89,21,93,'2016-11-20 02:47:14'),(90,49,52,'1970-01-14 01:00:04'),(91,90,88,'1977-05-05 16:33:58'),(92,78,99,'1971-11-19 01:30:14'),(93,35,87,'2019-02-28 11:23:47'),(94,22,75,'1998-01-23 20:53:57'),(95,34,70,'2000-01-22 02:51:01'),(96,95,50,'1991-03-24 04:54:21'),(97,18,40,'2019-08-20 18:34:47'),(98,100,2,'2013-12-15 05:17:05'),(99,10,82,'2001-05-23 21:02:06'),(100,78,33,'2016-11-03 03:15:57');
/*!40000 ALTER TABLE `like_comments` ENABLE KEYS */;
UNLOCK TABLES;

--
-- Table structure for table `like_photos`
--

DROP TABLE IF EXISTS `like_photos`;
/*!40101 SET @saved_cs_client     = @@character_set_client */;
/*!50503 SET character_set_client = utf8mb4 */;
CREATE TABLE `like_photos` (
  `id` bigint unsigned NOT NULL AUTO_INCREMENT,
  `user_id` bigint unsigned NOT NULL,
  `photo_id` bigint unsigned NOT NULL,
  `created_at` datetime DEFAULT CURRENT_TIMESTAMP,
  PRIMARY KEY (`id`),
  KEY `user_id` (`user_id`),
  KEY `photo_id` (`photo_id`),
  CONSTRAINT `like_photos_ibfk_1` FOREIGN KEY (`user_id`) REFERENCES `users` (`id`),
  CONSTRAINT `like_photos_ibfk_2` FOREIGN KEY (`photo_id`) REFERENCES `photos` (`id`)
) ENGINE=InnoDB AUTO_INCREMENT=101 DEFAULT CHARSET=utf8 COLLATE=utf8_unicode_ci;
/*!40101 SET character_set_client = @saved_cs_client */;

--
-- Dumping data for table `like_photos`
--

LOCK TABLES `like_photos` WRITE;
/*!40000 ALTER TABLE `like_photos` DISABLE KEYS */;
INSERT INTO `like_photos` VALUES (1,20,80,'1979-06-06 03:08:38'),(2,25,39,'1999-08-05 09:17:41'),(3,77,79,'1987-09-28 17:36:40'),(4,63,9,'1978-03-08 16:45:59'),(5,68,97,'1980-04-08 01:11:18'),(6,80,38,'1976-01-21 01:36:03'),(7,58,76,'1979-08-28 14:56:13'),(8,90,91,'1994-10-22 20:23:37'),(9,52,82,'1978-03-27 20:14:50'),(10,28,1,'1981-10-02 18:36:46'),(11,56,17,'2013-08-19 16:48:20'),(12,33,38,'1985-07-20 22:39:48'),(13,9,11,'2014-01-12 19:36:45'),(14,13,75,'2011-06-05 16:59:26'),(15,61,99,'1979-03-01 09:29:51'),(16,55,81,'1998-12-06 07:48:04'),(17,78,79,'2006-11-20 07:06:45'),(18,20,55,'2001-12-30 08:15:14'),(19,58,82,'1994-01-17 17:14:26'),(20,63,25,'2000-04-08 14:38:20'),(21,79,42,'2015-04-14 10:37:02'),(22,62,36,'1987-03-01 18:11:42'),(23,17,51,'2010-01-08 22:16:26'),(24,26,69,'1986-09-18 11:14:32'),(25,33,53,'2000-11-20 22:04:05'),(26,69,88,'2019-07-12 10:17:07'),(27,70,2,'1992-03-13 09:36:53'),(28,26,79,'1999-09-01 10:39:10'),(29,12,39,'1970-03-07 22:01:44'),(30,54,73,'2012-08-03 04:28:22'),(31,37,8,'2005-04-02 10:44:19'),(32,53,15,'1988-06-14 10:34:52'),(33,87,72,'1988-03-27 21:00:26'),(34,69,44,'2016-04-21 14:10:46'),(35,54,31,'1970-07-26 14:31:34'),(36,68,32,'1986-06-09 14:02:18'),(37,72,30,'1973-12-14 11:56:52'),(38,68,89,'1984-10-05 08:11:53'),(39,81,94,'1971-03-27 06:27:58'),(40,57,13,'1973-04-16 20:40:18'),(41,47,25,'2008-06-29 10:12:49'),(42,100,16,'2009-11-18 12:13:45'),(43,26,26,'2002-11-22 03:06:34'),(44,94,38,'2000-04-09 07:57:24'),(45,64,47,'1998-02-09 02:42:18'),(46,10,1,'1978-04-03 16:16:43'),(47,55,63,'1973-06-21 16:46:45'),(48,15,41,'1995-12-01 15:05:51'),(49,35,84,'1991-11-20 16:30:46'),(50,84,88,'2017-08-04 11:49:42'),(51,14,52,'2011-02-24 14:13:50'),(52,20,86,'2004-03-17 06:50:30'),(53,81,88,'2010-08-09 03:25:21'),(54,75,61,'2011-02-13 03:27:51'),(55,81,31,'2000-03-31 09:05:09'),(56,73,27,'2016-06-04 06:42:44'),(57,56,73,'1982-06-08 21:56:52'),(58,42,82,'1987-05-26 15:58:34'),(59,98,36,'1977-07-08 03:05:11'),(60,19,62,'2016-05-30 09:16:16'),(61,83,29,'1980-12-17 21:14:40'),(62,63,37,'1978-06-11 08:16:09'),(63,91,78,'2011-02-27 18:21:02'),(64,77,26,'1986-06-22 21:50:07'),(65,61,61,'1995-12-02 00:31:31'),(66,14,75,'2000-11-06 21:35:26'),(67,12,33,'1990-05-10 05:10:46'),(68,61,92,'1982-02-05 02:51:40'),(69,20,35,'2003-11-04 19:56:39'),(70,52,100,'2010-04-02 13:38:02'),(71,66,25,'1984-12-14 19:24:23'),(72,27,21,'1973-09-17 20:48:57'),(73,97,68,'1982-12-21 20:45:27'),(74,2,95,'1982-12-20 01:53:25'),(75,4,21,'2012-10-15 21:46:49'),(76,57,86,'1986-12-10 03:38:41'),(77,49,20,'2012-11-14 00:41:27'),(78,22,40,'1987-12-05 14:00:02'),(79,97,99,'2020-07-03 10:03:54'),(80,65,58,'1976-08-16 17:36:31'),(81,59,78,'2010-02-02 22:27:27'),(82,33,70,'1998-09-26 10:50:36'),(83,11,93,'2015-06-18 12:10:33'),(84,62,31,'1990-09-05 12:10:06'),(85,28,14,'2018-06-22 18:00:36'),(86,30,93,'1995-12-24 13:10:37'),(87,38,57,'2001-06-30 14:26:33'),(88,14,35,'1972-10-09 02:22:28'),(89,24,16,'1989-03-05 13:46:12'),(90,30,27,'1988-04-22 19:13:40'),(91,36,87,'2016-04-26 10:57:04'),(92,13,85,'2020-10-31 16:17:39'),(93,6,34,'1976-05-13 02:06:45'),(94,24,3,'1973-01-09 15:11:28'),(95,33,89,'2003-04-15 14:53:45'),(96,60,92,'1971-03-25 15:02:14'),(97,67,93,'1977-06-08 04:35:43'),(98,61,77,'2017-04-18 21:19:42'),(99,85,23,'1978-05-29 02:29:27'),(100,7,13,'1990-03-02 02:52:52');
/*!40000 ALTER TABLE `like_photos` ENABLE KEYS */;
UNLOCK TABLES;

--
-- Table structure for table `like_posts`
--

DROP TABLE IF EXISTS `like_posts`;
/*!40101 SET @saved_cs_client     = @@character_set_client */;
/*!50503 SET character_set_client = utf8mb4 */;
CREATE TABLE `like_posts` (
  `id` bigint unsigned NOT NULL AUTO_INCREMENT,
  `user_id` bigint unsigned NOT NULL,
  `post_id` bigint unsigned NOT NULL,
  `created_at` datetime DEFAULT CURRENT_TIMESTAMP,
  PRIMARY KEY (`id`),
  KEY `user_id` (`user_id`),
  KEY `post_id` (`post_id`),
  CONSTRAINT `like_posts_ibfk_1` FOREIGN KEY (`user_id`) REFERENCES `users` (`id`),
  CONSTRAINT `like_posts_ibfk_2` FOREIGN KEY (`post_id`) REFERENCES `posts` (`id`)
) ENGINE=InnoDB AUTO_INCREMENT=101 DEFAULT CHARSET=utf8 COLLATE=utf8_unicode_ci;
/*!40101 SET character_set_client = @saved_cs_client */;

--
-- Dumping data for table `like_posts`
--

LOCK TABLES `like_posts` WRITE;
/*!40000 ALTER TABLE `like_posts` DISABLE KEYS */;
INSERT INTO `like_posts` VALUES (1,77,24,'2004-11-24 06:29:13'),(2,1,51,'2001-12-18 00:52:44'),(3,64,40,'1984-08-31 23:30:25'),(4,6,90,'1980-03-08 14:23:00'),(5,7,92,'1992-05-03 03:23:52'),(6,39,14,'1972-10-20 04:17:09'),(7,18,23,'1984-10-08 06:04:35'),(8,68,66,'1999-09-19 17:51:05'),(9,29,35,'1970-01-20 13:47:38'),(10,37,8,'2020-09-13 03:03:03'),(11,65,80,'2016-01-23 19:35:37'),(12,45,78,'1973-05-27 19:19:37'),(13,37,80,'2009-08-29 13:18:37'),(14,73,82,'1973-05-28 11:09:21'),(15,6,60,'1998-12-27 08:54:09'),(16,88,82,'1996-12-15 08:50:47'),(17,83,88,'1988-09-16 03:19:32'),(18,33,47,'2015-06-19 10:57:32'),(19,28,38,'1996-10-05 05:36:03'),(20,37,34,'2009-07-09 21:57:39'),(21,30,75,'1987-12-21 16:37:13'),(22,48,47,'1992-04-04 09:54:34'),(23,97,16,'1982-10-21 02:57:02'),(24,12,26,'1970-09-15 14:30:23'),(25,50,48,'1998-08-01 09:53:13'),(26,33,14,'1999-10-24 11:06:51'),(27,27,77,'2015-04-13 15:32:47'),(28,92,64,'1981-11-28 14:21:15'),(29,57,64,'2002-09-16 05:58:02'),(30,46,62,'2001-01-15 15:55:01'),(31,23,34,'1996-02-14 05:44:29'),(32,43,6,'2001-01-11 23:13:31'),(33,22,76,'2017-01-17 00:13:12'),(34,53,49,'1978-11-03 02:32:07'),(35,13,89,'1977-01-03 02:27:34'),(36,83,43,'1974-08-15 00:57:34'),(37,64,31,'1975-02-19 20:27:12'),(38,89,60,'2003-03-20 21:13:27'),(39,46,1,'2009-03-07 23:29:12'),(40,86,95,'1997-12-14 11:12:26'),(41,49,18,'1996-09-03 19:11:32'),(42,9,75,'2004-05-18 03:35:52'),(43,95,100,'2008-04-26 06:30:09'),(44,39,51,'1997-03-19 16:40:53'),(45,64,85,'1979-09-28 12:19:56'),(46,13,87,'1970-12-05 10:54:36'),(47,18,55,'2005-10-11 05:33:23'),(48,93,39,'1986-07-25 05:54:11'),(49,30,45,'2008-02-29 10:09:45'),(50,88,43,'2000-10-15 15:03:44'),(51,34,71,'2012-07-14 04:06:08'),(52,85,97,'2018-03-06 00:20:01'),(53,1,74,'1973-06-13 08:33:51'),(54,57,46,'1977-03-11 03:36:08'),(55,74,42,'2003-11-25 03:12:13'),(56,41,22,'2001-10-25 19:11:22'),(57,60,49,'1995-11-15 17:13:09'),(58,97,54,'1982-06-17 02:52:06'),(59,49,36,'1973-02-02 11:13:33'),(60,5,13,'1985-11-23 16:14:01'),(61,21,17,'1971-10-22 20:05:18'),(62,100,38,'2011-03-16 21:17:21'),(63,72,92,'1971-03-03 17:37:08'),(64,77,2,'2003-09-14 01:16:24'),(65,37,65,'2017-12-23 11:26:23'),(66,45,70,'1993-06-26 16:03:51'),(67,35,30,'1979-03-03 04:47:27'),(68,66,35,'2004-03-03 06:19:18'),(69,3,23,'1984-12-12 08:34:14'),(70,80,77,'2001-01-14 00:11:36'),(71,64,21,'1985-06-17 16:31:00'),(72,99,23,'2000-04-07 18:00:32'),(73,69,96,'2005-01-01 18:28:48'),(74,77,18,'2009-03-20 14:13:09'),(75,32,82,'2012-03-15 15:03:31'),(76,30,52,'2008-06-08 19:29:47'),(77,99,29,'2000-05-30 12:07:32'),(78,90,70,'1997-12-25 02:38:34'),(79,21,66,'1976-10-22 08:51:13'),(80,72,57,'1981-08-02 11:10:23'),(81,31,16,'1986-05-19 11:01:07'),(82,26,65,'2019-03-08 07:27:01'),(83,45,92,'1996-01-12 22:46:50'),(84,100,48,'2011-03-17 10:47:52'),(85,14,79,'2006-07-15 08:23:09'),(86,25,78,'1980-04-29 03:52:53'),(87,100,23,'1975-06-04 21:08:54'),(88,1,68,'2008-09-19 06:54:54'),(89,19,78,'2015-07-05 18:37:23'),(90,86,50,'1973-07-30 12:25:11'),(91,59,16,'1997-06-23 23:30:18'),(92,1,57,'1983-04-05 09:31:03'),(93,45,90,'1978-05-22 23:34:51'),(94,27,65,'1993-09-18 20:18:51'),(95,56,98,'2016-05-14 06:30:55'),(96,21,86,'1970-12-02 14:22:33'),(97,13,47,'2014-10-13 09:40:46'),(98,51,58,'2012-12-16 13:52:58'),(99,38,50,'1998-02-07 16:35:51'),(100,5,52,'1992-01-04 00:58:38');
/*!40000 ALTER TABLE `like_posts` ENABLE KEYS */;
UNLOCK TABLES;

--
-- Table structure for table `messages`
--

DROP TABLE IF EXISTS `messages`;
/*!40101 SET @saved_cs_client     = @@character_set_client */;
/*!50503 SET character_set_client = utf8mb4 */;
CREATE TABLE `messages` (
  `id` bigint unsigned NOT NULL AUTO_INCREMENT,
  `from_user_id` bigint unsigned NOT NULL,
  `to_user_id` bigint unsigned NOT NULL,
  `message` text CHARACTER SET utf8 COLLATE utf8_unicode_ci,
  `is_read` tinyint(1) DEFAULT '0',
  `create_at` datetime DEFAULT CURRENT_TIMESTAMP,
  PRIMARY KEY (`id`),
  KEY `from_user_id` (`from_user_id`),
  KEY `to_user_id` (`to_user_id`),
  CONSTRAINT `messages_ibfk_1` FOREIGN KEY (`from_user_id`) REFERENCES `users` (`id`),
  CONSTRAINT `messages_ibfk_2` FOREIGN KEY (`to_user_id`) REFERENCES `users` (`id`)
) ENGINE=InnoDB AUTO_INCREMENT=101 DEFAULT CHARSET=utf8 COLLATE=utf8_unicode_ci;
/*!40101 SET character_set_client = @saved_cs_client */;

--
-- Dumping data for table `messages`
--

LOCK TABLES `messages` WRITE;
/*!40000 ALTER TABLE `messages` DISABLE KEYS */;
INSERT INTO `messages` VALUES (1,66,21,'Voluptas culpa omnis qui quas tempora molestiae voluptas. Amet tenetur culpa autem impedit aut eum a. Accusantium recusandae enim aut exercitationem. Laudantium et eaque totam deleniti.',0,'1979-05-17 07:40:22'),(2,1,22,'Autem et qui et aspernatur. Dolores culpa accusamus suscipit aperiam. Dolorum aut illo vel ea enim et. Dolor exercitationem illo quaerat provident tenetur ut.',1,'1982-06-05 20:53:44'),(3,48,19,'Voluptas aliquam id ea unde accusantium quia magni optio. Eligendi tenetur eaque est eligendi totam et est. Incidunt ut esse fugiat autem ipsum. Eaque dolor quae assumenda qui sit consequatur.',0,'2016-10-08 15:44:15'),(4,72,64,'Blanditiis est voluptatem voluptas sequi. Deserunt asperiores iste ex voluptatem molestias et eos. Vel veritatis maxime autem ut.',1,'2008-07-15 06:30:37'),(5,70,84,'Atque autem modi sed cumque. Distinctio ab sunt ab voluptates dolore consequuntur eaque.',1,'2015-11-04 08:31:11'),(6,79,90,'Harum mollitia placeat nulla ut sed placeat porro voluptate. Iure dolor maiores tempore consequatur quod amet. Quos dolores perferendis incidunt. Sed quia deleniti provident ut iure et saepe.',1,'1991-05-17 11:51:27'),(7,21,40,'Reprehenderit illo dolores molestias rerum quia sit molestias. Fuga laboriosam debitis doloribus repellat possimus. Assumenda omnis sed sunt consectetur sunt.',0,'2016-12-16 11:16:38'),(8,84,34,'Nulla asperiores expedita repudiandae velit unde reprehenderit nihil nisi. Voluptatem accusantium quibusdam enim corporis id. Sunt ipsa vel laudantium et voluptatem pariatur necessitatibus.',1,'1988-10-19 15:01:00'),(9,62,10,'Nihil autem quisquam inventore et quia. Soluta reprehenderit molestiae amet similique similique quae quidem. Quam voluptas blanditiis dolor dolore rerum facilis. Expedita autem aut sit omnis officia.',0,'2004-12-03 17:13:02'),(10,24,90,'Illum quo consequatur unde modi earum ut. Consectetur ut aspernatur rerum ut pariatur. Dolorem aut quae consequatur culpa natus consectetur. Impedit maiores deleniti impedit optio possimus.',1,'2019-01-28 23:03:50'),(11,8,98,'Assumenda sit cumque quae dolor. Asperiores quia eos qui occaecati voluptates. Sit nam minima molestiae omnis id exercitationem expedita. Dolorem magni atque accusamus et.',0,'2020-10-25 10:52:41'),(12,36,29,'Animi dolor soluta maiores ut qui. Alias provident quis dolorem. Aut incidunt ipsam sed vel. Atque beatae voluptatibus libero et dolore.',1,'1977-12-14 16:42:45'),(13,92,35,'Repellendus maxime magni nesciunt eaque quo. Facilis perspiciatis minima perferendis sunt. Quasi exercitationem nesciunt ipsam dolorem et. Excepturi possimus at esse quia.',1,'1985-02-12 06:57:51'),(14,39,33,'Facere laudantium corporis ad. Ut aut iste a unde. Rem omnis perferendis ducimus excepturi laudantium consequatur. Vero adipisci modi repellendus quia sunt.',0,'1988-08-13 02:11:20'),(15,80,56,'Aperiam delectus sapiente quo sed. Aspernatur debitis voluptatem quas dolorem quod. Molestiae sed fugit in minus ut quasi.',0,'2013-03-07 04:43:43'),(16,4,46,'Eaque cumque ut ut deleniti. Assumenda aut repellat optio ducimus. Voluptatem sed ut harum et ut quos. Voluptatum eum et a minus.',0,'1987-10-13 14:05:00'),(17,77,4,'Aliquid deleniti sapiente sit. Perspiciatis molestiae quis magnam et sit a voluptatibus.\nSuscipit aut eum sunt. In ut laboriosam aut. Sit voluptatem qui ab et. Rerum sequi eum in delectus sunt magni.',0,'2019-02-23 09:13:29'),(18,67,24,'At suscipit debitis provident nulla. Non suscipit ullam ducimus totam quo quo. Quia quam ducimus facere eos rerum qui.',1,'1976-04-26 07:11:56'),(19,22,39,'Et facilis quis expedita dolorem. Officiis similique qui neque ipsum. Sint sit cumque numquam placeat enim cupiditate deserunt. Aspernatur quia omnis itaque veniam est assumenda quia.',1,'2009-12-02 23:14:40'),(20,88,92,'In vero in eveniet sequi cupiditate ex doloribus explicabo. Fugit eum at dolor sapiente dolorem. Voluptatem a et impedit eaque nostrum occaecati qui aut. Ut numquam impedit cumque optio.',1,'2015-06-09 06:52:57'),(21,23,66,'Tempore nulla totam consequatur nemo quia et. Aliquid commodi quo quisquam qui quasi id minima. Nemo inventore non nesciunt ea earum et.',0,'1975-10-04 02:26:29'),(22,81,43,'Asperiores unde et aut unde. Non id et laboriosam libero.',1,'1974-07-10 08:22:07'),(23,6,65,'Beatae voluptatem eius voluptas nihil velit saepe tempora facilis. Harum et et quia molestiae. Saepe facilis sint ut et et in. Placeat aperiam alias et quas maiores enim.',0,'1991-12-23 01:32:05'),(24,76,67,'Ab sit officiis quae nobis hic ut. Et iste id et blanditiis qui suscipit molestiae aut. Dolor soluta necessitatibus ex iure voluptatibus aut ut.',1,'1985-08-02 01:04:40'),(25,74,99,'Laborum et autem sint voluptas voluptatum similique. Tempora commodi dolorem voluptatibus aut. Sunt dolorem quia nemo illo. Voluptatem numquam hic autem ipsam illo eligendi.',0,'1990-07-17 21:15:05'),(26,57,81,'Voluptatem hic ipsum veritatis nihil voluptatibus commodi. Recusandae nihil eveniet illo. Vitae voluptatem eaque doloribus.',1,'1986-07-14 15:46:30'),(27,97,92,'Quibusdam necessitatibus iusto et. A molestiae voluptatem et sapiente corporis. Quisquam non tempore repellendus voluptas rerum est.',1,'1991-12-07 10:36:29'),(28,10,89,'Ut mollitia earum ut quisquam libero ratione. Est ipsum modi est quod fugit. Aspernatur laborum et officia rerum aspernatur. Est veritatis fuga corporis doloribus sint.',0,'1972-01-07 09:11:33'),(29,26,48,'Expedita dolore qui delectus enim quia consequatur unde. Voluptatem quam quasi quae quo eveniet. Totam perferendis reprehenderit quisquam et quas suscipit id.',1,'1998-07-29 10:05:01'),(30,21,6,'Deserunt omnis rerum quod voluptatem. Perspiciatis velit blanditiis harum qui ex. Non sit fuga perspiciatis repellendus.',1,'1973-04-09 06:32:30'),(31,4,25,'Aperiam voluptates nemo iste modi dolore corrupti. Vel eveniet dignissimos numquam minima. Voluptatem eius eos repellat laboriosam non. Autem et nisi quia aut.',0,'2011-12-05 01:07:58'),(32,52,80,'Officia veritatis aut quae qui quidem possimus. Assumenda nam minima cumque est temporibus nesciunt qui. Qui accusamus et itaque similique molestiae.',0,'1978-05-17 10:07:17'),(33,28,19,'Deserunt similique et illo sed excepturi itaque qui. Vel aperiam mollitia id aut.',0,'1973-04-22 00:59:36'),(34,4,50,'Qui minima eum id qui magnam quam repudiandae. Consequuntur voluptatem sunt ad voluptas nemo et est. Tempore quia eligendi ad reprehenderit tempora.',1,'2008-08-06 07:37:23'),(35,57,91,'Aut exercitationem eius vitae quia. Quia quia beatae aliquam cupiditate. Quae repudiandae totam tenetur nisi qui. Dolore debitis id cupiditate laboriosam.',0,'2008-04-17 04:19:28'),(36,42,80,'Laboriosam temporibus libero alias quia. Recusandae laborum cumque eum id sit. Autem ipsa est molestias et quasi neque dolor. Quidem tenetur earum sed hic numquam autem dolorum consectetur.',0,'1972-07-15 22:11:13'),(37,57,22,'Impedit itaque quaerat tenetur alias et nesciunt. Repellendus nihil quia consectetur sint ut.',1,'1979-07-11 17:41:20'),(38,22,62,'Enim animi pariatur et at dolorum quasi. Nobis blanditiis natus ut. In nobis quas sed. Eos provident voluptatem et officia quae et nam temporibus. Repellendus eum eum est inventore est.',0,'1982-07-08 16:05:34'),(39,86,98,'Unde error et laboriosam molestiae dolor sequi quia. Qui praesentium eveniet aut temporibus. Aut aut eos laboriosam quidem dolorem. Fuga sunt eligendi debitis qui sequi dolorum.',1,'2012-02-26 05:55:44'),(40,28,60,'Quas suscipit rerum ut est officia fugit amet sed. Molestias ratione repellendus quidem iste ut voluptatem dolorum. Deleniti qui sed sint facilis et. Ratione officiis quisquam quisquam.',0,'2003-03-08 08:00:45'),(41,96,84,'Consectetur odit aut ut quas. Dolores qui nihil quia excepturi ad. Unde hic provident ut est ea rerum non. Accusamus labore dignissimos modi exercitationem doloribus eos sit laudantium.',1,'2011-09-15 20:14:40'),(42,41,93,'Autem quia autem pariatur officia itaque omnis. Neque necessitatibus consequatur aut nemo. Quisquam molestias iusto velit molestias molestias accusamus nisi. Non eos veniam sunt.',0,'1995-04-15 22:37:10'),(43,76,50,'Accusamus suscipit praesentium ex. Consectetur sapiente ut delectus qui rerum.',1,'2002-07-05 18:04:11'),(44,81,1,'Dolorem quis unde recusandae aut voluptatum pariatur nihil. Eligendi ad eos dolores eveniet laborum vel. Dolores omnis est cumque explicabo voluptatem.',1,'1970-10-23 14:14:25'),(45,97,2,'Aperiam deleniti et necessitatibus voluptas id. Quasi repudiandae est illo quidem ab. Quia omnis et dolore necessitatibus culpa nemo. Nemo et fuga natus et molestias soluta.',1,'2014-05-19 04:25:05'),(46,7,100,'Voluptates temporibus qui autem dolore. Natus quasi voluptate pariatur. Nemo voluptatem vel cupiditate et quia.',1,'2004-10-25 00:29:24'),(47,26,58,'Nihil vel nisi earum numquam explicabo ut. Maxime ipsum architecto molestiae qui non. Ratione fugiat sed quos et. Deleniti aperiam aut sit perferendis delectus distinctio dolorum asperiores.',1,'2008-03-14 12:16:23'),(48,80,54,'Itaque harum fugit in consequuntur voluptas repellendus. Vel saepe id tempore ullam et. Fugit et quo perspiciatis temporibus officiis.',1,'1982-11-01 20:30:40'),(49,77,83,'Sit quisquam quos quia quo et id ea. Eaque voluptates facilis est quibusdam hic fugiat. Voluptatem soluta cum vel inventore dolores officiis. Officia illo nesciunt saepe et quam.',0,'2008-03-01 09:49:18'),(50,4,34,'Perspiciatis doloribus ut consequatur soluta quia. Voluptatem maxime incidunt eaque cum et. Vel deserunt sit unde aut. Perspiciatis laudantium dolore quaerat.',1,'1973-09-20 18:50:35'),(51,74,45,'Vel dolor ad sit eius. Veniam sapiente error autem cupiditate itaque atque aut. Culpa quas vel excepturi incidunt ducimus. Quae earum a quas eligendi.',1,'1993-11-06 02:19:12'),(52,13,30,'Qui suscipit molestiae nesciunt sint cupiditate. Facilis ipsum sit saepe quis. Reprehenderit molestias quia saepe aut. Odio repellendus voluptates ut vel.',1,'1975-11-02 06:58:46'),(53,67,34,'Quia quia quam dicta. Cupiditate optio similique harum vel autem. Et et rerum laborum est commodi. Velit in est modi delectus.',0,'1993-02-13 10:39:05'),(54,92,53,'Quaerat placeat veniam totam eos praesentium. Porro dolor consequatur autem harum velit aut. Blanditiis ut assumenda exercitationem illo qui dolores. Id ex qui numquam non.',0,'2017-07-01 01:57:34'),(55,32,19,'Velit quia atque quam omnis quod. Sequi perferendis illum ut ullam autem ab minima. Quasi et quia quam iure quos. Dolor porro quia aspernatur ut omnis quaerat eos. Rerum vitae ea quibusdam sed.',0,'2011-07-27 21:11:17'),(56,12,27,'Animi quibusdam exercitationem sint odit minima ut. Aut voluptatem facilis tenetur voluptatem ut. Sed doloribus delectus at rerum ratione. Nesciunt quis assumenda ea excepturi architecto.',1,'1988-03-25 10:34:01'),(57,3,52,'Libero eos enim repellat dignissimos. Non suscipit sunt rerum aut quia qui et. Consequatur beatae eligendi tempore qui quam. Voluptatem voluptas ut corporis.',0,'2014-06-20 20:35:02'),(58,20,78,'Corporis aut quasi quibusdam et omnis qui. Quia dolores laborum esse tempora expedita culpa quidem sint. Eos laborum omnis praesentium ullam perspiciatis quasi. Voluptatum enim vel commodi magni.',1,'2003-08-24 05:28:11'),(59,1,100,'Ut fugit voluptatem molestiae autem nesciunt quam. Necessitatibus quia exercitationem quia non et sit vitae.',0,'1999-04-03 20:03:08'),(60,79,98,'Nostrum eum veniam expedita quo ut. In nihil itaque nemo rem et. Est ex voluptatem animi esse.',0,'2007-02-08 07:20:36'),(61,2,86,'Quisquam reprehenderit recusandae dolor. Aut eveniet odit quaerat accusantium mollitia voluptates magnam. Est ea nulla aut aut nisi recusandae ea.',0,'2008-10-16 01:32:46'),(62,97,27,'Aliquid dolor natus fugit id fuga est esse minus. Exercitationem id autem necessitatibus quod vel veritatis. Numquam suscipit praesentium aut. Sint non ut unde porro nobis.',1,'1988-11-23 10:53:02'),(63,44,76,'Sint sit eum est dolor laborum eius rerum. Sit quia quia quis. Unde in numquam soluta ipsa. Eligendi eum quaerat soluta nesciunt velit tempora.',1,'1971-02-28 15:10:42'),(64,80,20,'Sit iusto aut maiores et. Sint et quis tempore ipsa magnam aut.',1,'1991-12-17 11:16:06'),(65,59,83,'Rerum exercitationem eaque nam autem reprehenderit a. Ut quo et adipisci inventore quaerat qui quia dicta. Consequuntur id et autem ratione praesentium laboriosam.',1,'1987-08-27 03:26:36'),(66,53,32,'Provident vel molestiae deleniti ea. Sunt atque qui unde consectetur asperiores aut nulla. Harum qui et tenetur qui voluptatum odit rerum doloremque.',1,'1975-07-07 00:48:11'),(67,28,66,'Dolorem accusamus facilis praesentium consequatur neque eveniet. Aut dolores voluptas ea ullam. Non et et et ipsam voluptate reprehenderit.',0,'1994-06-02 02:10:56'),(68,62,94,'Velit omnis et alias voluptas nobis porro. Quia maxime est eos in. Suscipit sint soluta dolor et a.',1,'1997-05-30 03:11:43'),(69,100,53,'Suscipit suscipit accusamus molestiae et dicta voluptatem nihil. Rem ut et expedita aut eligendi. Exercitationem facilis magnam libero ratione. Quia facilis eius omnis optio.',0,'2013-01-28 16:12:44'),(70,46,31,'Cumque quia consequuntur officia id quis commodi. Maxime rerum sed debitis sunt totam sed. Expedita accusamus suscipit magnam non.',1,'1999-12-18 07:14:27'),(71,71,57,'Id qui aut soluta et. In dignissimos vel dignissimos minima aut voluptatum velit accusamus. Minima omnis et recusandae libero cupiditate amet. Ipsum porro vel autem dolor impedit ea qui.',1,'1996-06-23 01:21:43'),(72,58,74,'Atque consequuntur accusantium et suscipit. Molestiae molestias ullam fugiat. Possimus numquam nostrum dignissimos odio animi qui exercitationem.',0,'1998-03-27 08:31:45'),(73,9,77,'Reiciendis doloremque accusantium voluptatem dolor nam ut. Deserunt quaerat rem earum officia minima esse sapiente sapiente. Minus velit quod est consequatur nostrum ad illo.',0,'2011-11-21 01:25:15'),(74,52,10,'Nobis assumenda aut architecto iste. Sint ipsa veniam dolores eum reprehenderit. Aut harum beatae quia commodi. Nemo occaecati assumenda corporis.',1,'1981-09-06 14:02:35'),(75,77,31,'Quia ipsum et adipisci error et quo aut. Nesciunt et est vitae laborum. Consequuntur sed rerum iusto in. Id quam provident soluta ipsam et corporis.',0,'1996-06-19 20:57:36'),(76,7,78,'Non tempora autem ut est earum beatae. Quisquam explicabo nesciunt qui molestiae expedita beatae hic. Omnis aut aut dolores sed aut. Non et quis repudiandae.',0,'2005-07-19 19:19:54'),(77,17,4,'Ducimus et qui id quo. Repellat quod consectetur similique tenetur aut quia earum. Delectus odio vitae quos exercitationem amet numquam omnis atque.',0,'1987-04-26 12:02:54'),(78,4,60,'Natus unde in modi quia error sunt vel. Porro impedit harum alias ut enim. Non nihil consequatur nemo aut quisquam corrupti ea et.',1,'2014-08-11 03:41:52'),(79,80,84,'Debitis qui dolores sint quia. Voluptatem dolores perferendis modi reiciendis. Accusantium accusantium eaque ut qui iste molestias. Alias veniam fuga deleniti cum doloribus autem magni.',0,'2006-06-01 09:48:33'),(80,80,39,'Quasi voluptatibus cumque dignissimos dolor id. Adipisci autem atque autem vitae aut et. Pariatur ut quos aut. In temporibus optio est distinctio odit debitis qui.',0,'2005-06-25 00:51:09'),(81,67,33,'Unde aliquam in quo. Dolor sit ut asperiores.',0,'1984-04-14 08:33:08'),(82,70,95,'Dolorem ex sint quasi ut numquam. Inventore dicta sint tempore at modi est.',1,'1988-03-15 14:32:31'),(83,98,32,'Libero eum sint fuga ut. Sed non voluptas sint veritatis. Odit molestiae voluptate enim laboriosam.',1,'1977-08-17 14:54:54'),(84,88,97,'Qui eos nemo tenetur unde nemo in. Sit est possimus minus libero vel eum harum. Ea repellat enim eveniet iusto omnis et omnis.',0,'2001-02-13 11:53:29'),(85,84,33,'Odit nihil dolorem qui voluptatem est reprehenderit. Accusantium in vel ipsam ab voluptas. Quis commodi voluptatibus et repudiandae.',1,'1996-06-16 17:07:38'),(86,28,55,'Consequuntur facilis est minima. Sequi repellendus beatae sit recusandae. Quia aspernatur expedita sunt optio saepe.',1,'1977-03-05 23:57:48'),(87,90,85,'Beatae rem ratione harum qui accusantium et quas. Blanditiis quasi est sint enim dolorem sequi fuga. Alias pariatur commodi sit.',1,'2010-03-20 12:49:02'),(88,28,99,'Voluptatem magnam voluptates consequuntur iusto ea. Non sunt nihil id et tenetur. Quas sunt enim quo est quibusdam officia hic.',1,'1973-09-17 06:10:58'),(89,61,80,'Praesentium qui architecto nam harum minima. Magnam animi adipisci ratione labore vero quasi. Libero quod eveniet eveniet corporis esse autem est. Nesciunt quia labore magnam qui recusandae ex.',0,'2010-04-22 16:50:13'),(90,8,38,'Quibusdam amet quasi ut voluptatem. Eligendi ea sed explicabo officiis expedita. Voluptates iste incidunt vel inventore fuga velit. Nemo sunt aut perspiciatis libero eaque magnam.',1,'1998-10-15 12:11:00'),(91,11,15,'Alias temporibus quos quo quo molestias. Sunt voluptate similique et non nisi non aliquid. Molestias ut non doloremque voluptatem similique ut sit eligendi.',1,'2012-04-09 02:32:51'),(92,15,27,'Ea mollitia molestiae aut cumque ullam. Et eligendi repellendus reiciendis mollitia. Debitis aut est qui omnis aut. Excepturi laboriosam facilis quia harum ut.',1,'1980-11-23 23:29:56'),(93,18,19,'Ut voluptatem et sed enim ut autem. Blanditiis dolores ad aut suscipit. Voluptatibus exercitationem consequuntur illum aut est sit in facere. Dolorum voluptatibus nihil eos ut eius velit.',1,'2003-07-05 03:21:23'),(94,86,98,'Dolor autem error possimus praesentium. Asperiores et repellendus maxime et dolorum maiores quia eius. Natus eum dolor deserunt facilis sit. Et nam fuga voluptate tenetur.',0,'1970-12-15 15:15:58'),(95,3,65,'Voluptas sit voluptatem sit ipsa rerum. Ad repellat accusantium eos eum non fugit aliquam. Est deleniti incidunt ut iusto nisi ex.',1,'1975-04-27 19:00:58'),(96,36,70,'Consectetur quidem libero sunt voluptas repellat. Explicabo ea ad et et et nisi excepturi. Fuga culpa eveniet atque velit. Nam laborum doloremque quibusdam.',0,'2000-09-03 22:28:40'),(97,97,6,'Temporibus rem sit recusandae fugiat sunt itaque. Impedit molestias ad enim. Laborum hic et aut quae ut.',1,'2008-07-13 17:52:10'),(98,64,95,'Cum tempore ut placeat quidem veritatis velit. Repellat rerum rerum sequi nemo est sint. Quia alias veritatis itaque et eos voluptatum omnis.',0,'2011-09-24 10:32:19'),(99,37,51,'Amet et molestias sit inventore. Aut iusto eum numquam omnis. Blanditiis doloremque numquam expedita reiciendis pariatur.',0,'1981-09-29 20:20:38'),(100,92,20,'Debitis qui ut consequatur. Molestias est quia et in et. Dignissimos vitae vitae nostrum rerum id maiores minus.',0,'1970-11-23 07:02:58');
/*!40000 ALTER TABLE `messages` ENABLE KEYS */;
UNLOCK TABLES;

--
-- Table structure for table `photos`
--

DROP TABLE IF EXISTS `photos`;
/*!40101 SET @saved_cs_client     = @@character_set_client */;
/*!50503 SET character_set_client = utf8mb4 */;
CREATE TABLE `photos` (
  `id` bigint unsigned NOT NULL AUTO_INCREMENT,
  `filename` varchar(200) CHARACTER SET utf8 COLLATE utf8_unicode_ci DEFAULT NULL,
  `user_id` bigint unsigned NOT NULL,
  `description` text CHARACTER SET utf8 COLLATE utf8_unicode_ci,
  `created_at` datetime DEFAULT CURRENT_TIMESTAMP,
  PRIMARY KEY (`id`),
  KEY `user_id` (`user_id`),
  CONSTRAINT `photos_ibfk_1` FOREIGN KEY (`user_id`) REFERENCES `users` (`id`)
) ENGINE=InnoDB AUTO_INCREMENT=101 DEFAULT CHARSET=utf8 COLLATE=utf8_unicode_ci;
/*!40101 SET character_set_client = @saved_cs_client */;

--
-- Dumping data for table `photos`
--

LOCK TABLES `photos` WRITE;
/*!40000 ALTER TABLE `photos` DISABLE KEYS */;
INSERT INTO `photos` VALUES (1,'cumque',87,'Eius velit quod amet ad hic accusamus. Laborum ipsam sunt ratione suscipit aspernatur magnam.','1981-07-25 12:20:51'),(2,'placeat',33,'Non sunt aliquid rerum fugit quis. Totam hic rerum assumenda recusandae ut. Consequatur autem at fuga fugit.','2016-09-15 06:38:29'),(3,'quod',16,'Est est velit pariatur assumenda quisquam. Quis facilis omnis officia. Odio quas provident accusamus dignissimos aut voluptate.','2004-06-14 03:20:50'),(4,'autem',91,'Suscipit ut laborum rerum. Eum officia saepe dicta consequatur et. Modi eveniet qui eum modi et.','1996-02-17 00:19:57'),(5,'voluptatem',73,'Quisquam reiciendis rerum similique similique deleniti consequatur. Necessitatibus aut suscipit iure recusandae recusandae debitis magni. Voluptas laborum consectetur aut voluptatem.','2014-09-14 04:29:59'),(6,'odit',55,'Sunt ut hic aut tempore dicta est. Ex iusto magni doloribus ut non in alias. Unde commodi quis qui molestiae. Molestiae dolorum ipsa rerum voluptas.','2007-10-19 10:51:37'),(7,'placeat',30,'Sed velit sit ipsa qui tempora nihil corporis. Rerum enim ex architecto consequatur exercitationem cupiditate. Natus aut laborum similique ea omnis. Quis deserunt incidunt fugiat deserunt optio ab.','2015-04-02 18:19:16'),(8,'voluptas',5,'Est culpa placeat necessitatibus culpa dolor natus. Porro ut voluptate consequuntur voluptas impedit quod voluptas hic. Reprehenderit voluptas consequatur sed distinctio.','1978-11-25 15:42:18'),(9,'delectus',77,'Dolor expedita at aut iure fuga ipsam iste. Repudiandae a quidem voluptatum nisi optio fugit dicta. Sed ex labore assumenda enim. Reprehenderit voluptatibus error in modi quia voluptas.','1975-02-06 13:27:19'),(10,'laboriosam',80,'Veniam sit consectetur ea ipsum non beatae. Ut illum dolor modi et ipsam. Veniam tempore placeat quia ullam.','2007-05-22 01:04:18'),(11,'ea',17,'Maxime reprehenderit ullam laboriosam illo. Temporibus et cupiditate adipisci quia. Deserunt nobis voluptatem fuga dolorem.','2005-08-07 18:30:02'),(12,'autem',42,'Voluptatem hic sed accusantium voluptate recusandae et ea facilis. Hic nihil iusto labore adipisci earum repellendus iste itaque. Ut aliquid sunt vitae voluptatum voluptatem perferendis veritatis.','1994-08-11 05:36:48'),(13,'itaque',21,'Et error beatae ex eaque dicta. Officia optio quo exercitationem ut dolores nobis nobis.','1995-09-05 11:07:36'),(14,'asperiores',31,'Mollitia repudiandae sit facilis incidunt totam. Dicta ut quidem ut quidem sunt sed necessitatibus. Ut officiis vel facere voluptatem et.','1994-02-09 04:10:23'),(15,'omnis',85,'Nemo eligendi non sequi ipsam laboriosam dolorum. Omnis quisquam sit voluptates mollitia sint omnis. Iste itaque non earum vero non suscipit.','1983-12-15 21:34:38'),(16,'hic',98,'Voluptatem vitae blanditiis ipsam saepe labore quasi quos. Aut dolor aut ad nihil voluptas. Doloremque eveniet repellendus quae nulla in.','1977-04-30 03:17:25'),(17,'quibusdam',22,'Qui ex ipsa qui eius. Neque deleniti optio aspernatur itaque aliquid quas in. Odit illo aut dolor.','2012-04-14 12:23:17'),(18,'nostrum',21,'Vero reiciendis aut sit quam omnis. Odio totam distinctio et provident consequatur ea. Dolorem libero officiis eligendi et voluptas.','2002-10-08 11:11:15'),(19,'temporibus',100,'Ut velit aut laborum quasi voluptas excepturi sint. Nemo rerum quas harum. Accusamus rerum hic fugit consequuntur qui. Rerum voluptatem harum adipisci cumque reiciendis.','2012-12-30 17:38:10'),(20,'similique',43,'Aut voluptatem fugit qui aut voluptas deserunt. Omnis nulla voluptas ipsum aspernatur. Enim cumque esse ducimus placeat.','1993-12-23 06:06:29'),(21,'eum',43,'Minus consequatur et quos omnis occaecati. Reiciendis qui nihil assumenda aut quia laudantium est. Nesciunt quod voluptatem iste nisi iusto. Odit ad quo praesentium impedit in et.','1983-07-14 03:15:10'),(22,'similique',57,'Omnis sunt odit sunt voluptas vitae suscipit eaque. Quia rerum consectetur laboriosam laborum in. Dolor et nihil possimus iusto dolor sed. Excepturi et esse molestias dolorem odit.','2013-03-26 02:41:12'),(23,'nobis',52,'Iure deleniti facilis odit suscipit. Repellendus facilis sit rerum aut blanditiis. Voluptas necessitatibus vitae aliquid eius voluptatem necessitatibus necessitatibus qui.','1991-06-05 17:52:22'),(24,'et',57,'Exercitationem quis quo atque et est impedit facere. Quae veniam exercitationem tempora earum nihil. Animi alias qui sit architecto. Repellat velit aliquam possimus eaque velit magni.','2005-09-23 01:54:30'),(25,'corporis',48,'Ex voluptate quia a cupiditate omnis. Est praesentium cum vel. Beatae dolorum consequatur in sit. Omnis nam facilis et ducimus.','1989-07-22 18:28:32'),(26,'magni',76,'Quia similique suscipit ut fugiat. Dolorem aut quidem iusto occaecati dicta. Quos alias possimus totam aut est officia.','2019-04-14 07:31:35'),(27,'perspiciatis',84,'Eaque quia perspiciatis consequatur eligendi ea. Animi illo occaecati incidunt. Iure doloremque similique aut assumenda iusto velit. Eum esse error hic explicabo impedit rerum amet nulla.','1972-03-07 01:25:58'),(28,'aliquam',16,'Nemo quia placeat ut dolore. Quia natus sit inventore quia. Optio facilis ut dolorum maxime qui cupiditate.','2001-12-13 03:58:04'),(29,'omnis',95,'Tempora a molestiae beatae harum ipsam quae. Tempore minima esse nesciunt doloribus in. Voluptatem nobis voluptatum aut tempora exercitationem ut nobis.','1982-07-16 18:44:56'),(30,'ipsa',4,'Modi sed et et adipisci amet libero. Quia illum expedita rem modi eum. Omnis voluptatem libero inventore facilis et atque eos. Atque aut rerum molestiae dolorem et.','1988-09-10 23:15:23'),(31,'saepe',90,'Nemo est iusto deserunt sit qui et molestiae ut. Ut itaque velit molestias veniam quasi. Ad voluptas et natus nisi et dolores. Dolorem saepe voluptas alias repudiandae aut quia alias.','1977-12-30 00:26:38'),(32,'nostrum',81,'Et eum sint maxime non quae consequatur excepturi natus. Perspiciatis expedita velit optio inventore voluptates eum repellendus rerum. Quam non reiciendis ipsum eaque quibusdam.','1986-12-02 18:08:49'),(33,'quia',36,'Itaque nihil eos non. Maiores qui velit omnis rerum culpa consequuntur eligendi. Ullam impedit nihil consequuntur. At omnis quos aut qui.','2009-03-13 10:19:31'),(34,'commodi',5,'Itaque ea magnam et voluptatum veniam ex ea. Ut maxime quaerat quia accusantium. Quae in delectus sit dolore nulla.','1997-08-22 03:38:29'),(35,'officia',71,'Ab similique in quia quia. Qui ea quos molestiae quia. Harum et et soluta qui provident ut. Impedit possimus laboriosam id omnis sit sed possimus ad.','2019-04-21 21:22:59'),(36,'quo',8,'Distinctio vero quos provident dicta nisi laborum. Deserunt atque libero odio ex et ut voluptatum vitae. Officia ut eum fugit nostrum et.','2011-01-26 03:21:06'),(37,'neque',59,'Eveniet quia optio dolores quae officia velit corrupti. Blanditiis sed debitis voluptate autem impedit saepe et.','1981-07-07 13:00:55'),(38,'perspiciatis',1,'Autem ut perferendis voluptatem et eum. Ea minima placeat exercitationem enim. Sed ex aut similique accusantium delectus. Quia et ipsam repudiandae sint blanditiis est.','1978-01-31 00:18:49'),(39,'et',13,'Mollitia harum ut id quis. Explicabo ut ea aliquid. Quas doloremque recusandae accusantium similique fuga ipsam. Ad iste porro incidunt non laudantium.','2008-05-27 13:16:07'),(40,'ratione',35,'Porro dicta molestiae quas voluptates rerum ea officia quo. Quidem repellendus autem libero perspiciatis quae. Alias officiis est est. Ratione quo adipisci nostrum excepturi.','1976-12-25 21:40:57'),(41,'ut',80,'Tempora autem incidunt consequuntur tempore. Quos omnis possimus magnam ea blanditiis quod. Et quod animi et assumenda.','2004-07-31 10:51:46'),(42,'est',29,'Eos nam ut voluptatem. In sit est ipsa at consequatur laborum placeat. Voluptatem est ex a voluptatem eaque minus nisi. Vitae quas voluptas nihil excepturi quia sequi.','1995-09-15 09:03:04'),(43,'rerum',77,'Ipsa quis amet est animi minus quo. A vitae deserunt perferendis optio dolore. Consequatur totam totam repudiandae iure et in dolores. Quo velit ut quia ut.','1992-05-28 02:54:34'),(44,'corrupti',100,'Rerum voluptates sequi sunt aut reiciendis. Eos voluptas dolores ut consequatur repellat unde. Tenetur ut qui rerum dignissimos provident.','2019-11-24 12:21:22'),(45,'est',60,'Quam laborum ducimus natus perferendis sit. Quod minus voluptate quisquam placeat et dolores. Reprehenderit dolorum quia aliquid. Occaecati sunt autem maiores explicabo.','2013-10-18 04:43:43'),(46,'vero',61,'Ut et est quas est voluptatibus. Non ea voluptatem ut nihil ab quibusdam quibusdam. Culpa sit laboriosam ea a reiciendis.','1989-04-05 07:05:29'),(47,'et',98,'Rerum doloremque in eos itaque eum sed architecto culpa. Cupiditate quaerat quam quaerat sed cum. Commodi animi non culpa quo iure consectetur tempora.','2002-03-23 18:51:05'),(48,'ut',81,'Assumenda vero placeat ullam inventore. Doloremque excepturi aut inventore unde. Molestiae numquam omnis delectus suscipit cumque aut. Et ea sit est rem.','2002-07-05 21:35:22'),(49,'consequatur',82,'Quia delectus rerum velit tempora ipsam dolorum repellendus. Sed aut sed quam dolore nihil distinctio. Quis aut et doloremque. Non quidem qui veniam.','1975-08-30 23:57:01'),(50,'velit',98,'Sunt provident officiis in. Nihil dignissimos dolor voluptatum. Laborum dolore veritatis qui et. Laboriosam enim perferendis deserunt aliquid est.','1985-06-14 19:18:44'),(51,'tenetur',24,'Doloremque numquam soluta molestiae. Eos asperiores sint rerum doloribus. Dolores nemo commodi voluptas maiores quas eius. Voluptas tenetur ducimus laborum rerum velit quia.','1979-05-13 08:05:28'),(52,'quis',24,'Et dolor perferendis ut dolores culpa eius voluptas. Facere velit in illo vel.','2004-11-03 18:35:48'),(53,'ut',54,'Architecto quas et laborum repellendus culpa. Similique sunt cum eligendi laborum modi laboriosam numquam. Est et eveniet autem ex rerum amet voluptatibus inventore. Quaerat est qui vero dolor.','1999-10-04 08:23:45'),(54,'dolore',75,'Sit ullam corrupti ipsam. Illum iste necessitatibus animi alias natus. Quia suscipit soluta mollitia sunt. Ut reiciendis maiores modi earum est temporibus.','1985-08-01 17:23:43'),(55,'omnis',81,'Eius amet perspiciatis voluptas ducimus perspiciatis quia saepe. Consequatur numquam fuga rerum ut. Quam quas quasi quibusdam sapiente natus voluptatem.','2000-02-02 01:03:45'),(56,'ut',1,'Nesciunt laudantium dolores maxime tenetur. Incidunt accusantium ducimus aliquam incidunt. Sit occaecati molestiae minus nihil dolores aut cupiditate. Sed molestiae architecto magni optio.','1973-03-20 07:40:27'),(57,'quia',50,'Voluptatem voluptatem eaque rem enim earum harum dolor. Assumenda adipisci alias rerum. Voluptas deserunt enim possimus consequatur.','2015-07-20 10:08:49'),(58,'nulla',64,'Est rerum dolorem et soluta. Praesentium pariatur a nostrum sapiente fugiat omnis. Necessitatibus iusto pariatur facilis eveniet ullam veniam vel. Rerum et aut recusandae et fugit velit.','1991-03-08 21:33:51'),(59,'excepturi',17,'Excepturi qui at mollitia blanditiis excepturi. Repudiandae ut autem minus non perferendis sit molestias. Aut qui corrupti laboriosam omnis. Voluptas sit illo doloribus sed inventore.','1974-08-11 10:29:08'),(60,'ratione',45,'Quibusdam rerum numquam maxime sunt qui aperiam et. Ut reprehenderit dolor dolor ut similique. Aut laudantium ut asperiores numquam ut vel qui.','2006-03-10 10:05:51'),(61,'dolorem',67,'Totam repellendus earum in voluptas omnis quia. Quia ut eos possimus. Voluptates ipsa architecto deleniti doloribus. Et alias culpa laudantium id.','1994-03-01 19:26:29'),(62,'dolorum',6,'Culpa sit occaecati quo itaque sint. Omnis assumenda et sed eos fugit ut ut. Accusantium non esse ad labore tenetur voluptate dolor. Exercitationem quia molestiae quaerat molestiae.','2002-04-05 16:19:32'),(63,'quia',25,'Veritatis porro qui occaecati quaerat beatae. Consequatur consequatur nam impedit natus deserunt et temporibus. Incidunt quia optio in architecto qui voluptatem. Quos ad quis mollitia et.','2020-09-20 16:44:55'),(64,'velit',3,'Magni quaerat illum quo autem qui. Laudantium et quisquam quidem nesciunt adipisci modi. Officiis molestiae in iste dolor nihil beatae.','1992-01-25 03:22:24'),(65,'iusto',11,'Molestiae ad voluptatem assumenda debitis doloremque enim. Earum ab perspiciatis ab aut accusamus quisquam distinctio. Reprehenderit ullam error aut ad ad.','1998-05-15 04:11:02'),(66,'ut',96,'Qui id sunt ipsam sed dicta iure deleniti. Quod ea numquam illum corrupti tempore fuga consequuntur officia. Recusandae consequuntur nihil exercitationem ipsum. Officia omnis optio ex nam ab.','1998-05-07 00:42:42'),(67,'rerum',11,'Beatae ratione quia cumque eos numquam voluptatem dolores. Consequuntur quas atque nostrum. Quidem omnis quo non nihil enim.','1982-12-24 10:31:49'),(68,'praesentium',70,'Et possimus iste non recusandae asperiores. Qui consequuntur eveniet asperiores. Aspernatur et doloribus at. Facilis ea blanditiis doloribus assumenda provident. Laborum omnis sit laborum incidunt.','2013-10-23 10:12:15'),(69,'nam',96,'Aliquid eos beatae aut aut aut nostrum. Commodi totam vel est quam facere. Fuga consequatur praesentium neque eum corrupti veritatis fugiat. Tenetur velit et officiis rem vel eaque aut ex.','1994-05-25 15:15:40'),(70,'deleniti',23,'Sed dolorum sunt dolor perferendis. Aperiam fugit ut rerum sit voluptates iste in facere. Possimus sequi nihil ut minima qui. Ex soluta quaerat pariatur eligendi.','2009-06-12 16:49:15'),(71,'necessitatibus',4,'Aperiam magnam qui accusamus. Voluptas sint doloremque eum nisi voluptate corporis. Necessitatibus sit quis magni at eos quo et. Voluptatem exercitationem veritatis perspiciatis.','2012-01-16 02:14:53'),(72,'quam',76,'Maiores dolores repudiandae laborum incidunt qui sunt quas. Aut nam ullam omnis et a velit. Rerum qui nobis molestiae ea esse vitae harum. Quia eaque odit velit praesentium modi quia quasi.','2017-09-10 06:59:41'),(73,'totam',52,'Aspernatur molestiae suscipit suscipit. Aperiam aut ab sed corrupti ut quia. Sit commodi maxime ratione delectus iste sint voluptatem molestiae.','2000-03-01 07:05:05'),(74,'qui',81,'Eum laudantium ex eligendi nobis labore eum reprehenderit. Quia sit reiciendis reiciendis culpa eveniet omnis et. Facilis provident aspernatur dicta eos unde aut.','2007-08-01 08:21:44'),(75,'eligendi',76,'Possimus beatae qui quisquam illum incidunt dolorem aut unde. Incidunt doloremque et ipsum minima. Illo ea reiciendis minima.','2002-08-23 03:04:34'),(76,'odit',12,'Provident similique a labore odio sapiente natus inventore. Similique consequatur est qui quidem. Corporis dolorum blanditiis est repellendus et. Debitis voluptas sed aut nisi non ratione.','1981-07-22 21:10:49'),(77,'qui',41,'Soluta et illum commodi. Maxime voluptatem ipsa nesciunt eum eaque ut odio. Mollitia aut ipsum nisi minima. Ab numquam qui qui.','2004-12-20 03:04:36'),(78,'dolores',73,'Consequuntur odio culpa fugiat quaerat repellendus. Sit illum optio eligendi autem et et. Inventore perferendis dolores consequatur minima. In temporibus earum ut sint officia.','2000-08-27 17:40:37'),(79,'veniam',93,'Ratione labore ipsa ut ducimus aut et. Numquam aut dolor ut praesentium libero quam placeat. Corporis odio sit assumenda quam excepturi. Adipisci soluta harum corrupti.','2012-05-22 15:00:28'),(80,'ullam',23,'Occaecati iure velit distinctio. Explicabo reprehenderit rerum architecto expedita sunt voluptas. Magnam tenetur qui impedit. Aliquid magnam et quis blanditiis.','1988-11-10 18:08:45'),(81,'illum',70,'Quaerat non alias porro quidem ut pariatur quis. Dolore aut eaque asperiores ut dolorem molestiae qui.','1988-12-30 23:33:31'),(82,'itaque',16,'Numquam omnis officiis itaque accusamus. Voluptatum qui doloribus dolorem voluptas totam. Eaque laudantium provident omnis esse repellendus. Blanditiis quo maiores corrupti maiores iste harum.','1980-04-09 04:02:25'),(83,'et',46,'Voluptatem dolores dolores nesciunt est aut. Necessitatibus et sequi aut ipsam nesciunt. Delectus sapiente harum aperiam voluptates expedita velit.','1992-01-12 15:19:21'),(84,'quo',23,'Porro voluptatum quae minus est. Minima ut culpa facilis aliquid maxime sint. Perferendis veniam nesciunt rerum velit possimus. Qui esse eligendi voluptas omnis.','2010-09-04 19:37:52'),(85,'tempore',90,'Vel in dicta facilis quas enim. Illo iusto omnis beatae dolor ducimus corrupti. Aut doloremque sint nesciunt sequi dolorem ea.','1971-04-28 03:29:52'),(86,'minima',26,'Quia non voluptatem est assumenda. Maiores modi neque laboriosam odio. Hic et quod ipsam tenetur qui.','1990-02-17 13:27:25'),(87,'ab',24,'Quasi minus velit eum soluta voluptate distinctio. Velit consequuntur facilis itaque est a accusantium magnam. Libero fugiat doloremque illo in quia quia earum iure.','2015-01-25 16:35:39'),(88,'deleniti',40,'Quae nisi eum pariatur. Qui enim tenetur eius placeat occaecati. Necessitatibus fugiat animi debitis et. Voluptas autem rerum autem dolores voluptas asperiores vel.','1981-06-12 14:48:17'),(89,'quis',90,'Mollitia qui ullam repudiandae eum omnis sit. Voluptas beatae unde maiores nobis earum et. Reiciendis rem labore omnis quisquam animi deleniti qui sit. Molestias vel placeat provident quidem maxime.','1991-12-03 11:44:18'),(90,'dolores',41,'Nemo molestiae ipsa maiores sit nobis sint laborum. Eos reprehenderit praesentium id eius quia. Ipsam quidem et sunt illo. Tempore assumenda molestiae adipisci enim at et dignissimos.','2014-07-18 02:02:18'),(91,'similique',84,'Adipisci atque explicabo fugit est facere nihil. Omnis optio eveniet est et eos. Doloremque quasi voluptas voluptate dignissimos. Ut fugit illo aut autem reprehenderit.','1976-08-10 07:57:49'),(92,'omnis',57,'Sit enim cumque cum veniam quam eos rem et. Perferendis laudantium ipsam magnam odio voluptatem et. Quaerat aspernatur consequatur ut eligendi nemo est.','2017-01-24 00:50:59'),(93,'eius',46,'Doloribus sint quae illum et rerum. Qui architecto quia ut sint esse sapiente. Nihil iste similique odit quas. Sit dolor molestias quod quis.','2014-07-23 14:08:56'),(94,'officiis',8,'Rerum architecto praesentium quae quas. Amet est quidem excepturi sapiente. Perspiciatis velit et excepturi soluta corrupti quo sint. Eligendi tenetur eum error doloribus.','2009-06-10 09:54:40'),(95,'quidem',59,'Adipisci voluptate eius sed odit dolorem quidem quaerat. Vitae asperiores rem sit. Sed tempore ipsam neque est ut. Velit eos laudantium fugiat veritatis nihil architecto.','1976-04-10 15:59:21'),(96,'aliquid',57,'Quia ducimus ipsum ea suscipit. Ullam quod quo sapiente ut vel ex quia. Impedit at ea deleniti temporibus maxime dignissimos sequi. At commodi quia pariatur et.','1980-02-14 21:57:46'),(97,'et',3,'Qui sapiente fugit consequuntur accusamus explicabo enim. Reiciendis voluptatem deserunt suscipit qui temporibus dicta. Aut vel sit ad sunt. Aut ea quos est.','2012-01-21 15:58:29'),(98,'et',70,'Beatae consequatur corrupti assumenda quo. Et harum aut temporibus eligendi ex sed sequi. Voluptatem sed quaerat non est excepturi eum.','1970-03-24 12:49:56'),(99,'corporis',26,'Vel tenetur beatae eveniet illo voluptates qui. Voluptate officiis rerum saepe et voluptates. Aliquid accusamus quaerat laborum sunt modi qui voluptatibus.','2001-06-05 14:15:34'),(100,'recusandae',99,'Laborum facere neque aut vel exercitationem. Nihil tempora voluptatibus fugit sint. Distinctio quidem perferendis debitis illo aspernatur. Sit voluptate commodi maiores repellendus eos expedita.','2005-03-20 02:13:58');
/*!40000 ALTER TABLE `photos` ENABLE KEYS */;
UNLOCK TABLES;

--
-- Table structure for table `posts`
--

DROP TABLE IF EXISTS `posts`;
/*!40101 SET @saved_cs_client     = @@character_set_client */;
/*!50503 SET character_set_client = utf8mb4 */;
CREATE TABLE `posts` (
  `id` bigint unsigned NOT NULL AUTO_INCREMENT,
  `user_id` bigint unsigned NOT NULL,
  `post` text CHARACTER SET utf8 COLLATE utf8_unicode_ci,
  `created_at` datetime DEFAULT CURRENT_TIMESTAMP,
  `updated_at` datetime DEFAULT CURRENT_TIMESTAMP ON UPDATE CURRENT_TIMESTAMP,
  PRIMARY KEY (`id`),
  KEY `user_id` (`user_id`),
  CONSTRAINT `posts_ibfk_1` FOREIGN KEY (`user_id`) REFERENCES `users` (`id`)
) ENGINE=InnoDB AUTO_INCREMENT=101 DEFAULT CHARSET=utf8 COLLATE=utf8_unicode_ci;
/*!40101 SET character_set_client = @saved_cs_client */;

--
-- Dumping data for table `posts`
--

LOCK TABLES `posts` WRITE;
/*!40000 ALTER TABLE `posts` DISABLE KEYS */;
INSERT INTO `posts` VALUES (1,68,'Deserunt dolorem hic officia. Placeat nobis cum accusamus et.','1972-11-20 10:38:30','2006-03-27 10:43:32'),(2,95,'Eligendi numquam non pariatur id. Quia quis dignissimos provident qui. Voluptatem nobis et totam repellendus iste aut. Porro et magni ad voluptas autem et amet.','2003-04-10 16:48:22','2018-08-10 16:13:00'),(3,4,'Distinctio quo officiis dolores eius enim veniam ut. Eveniet aspernatur ut sit est repudiandae non. Quis ex eveniet labore fugit. Ut doloribus maiores sed et veniam non.','1995-01-25 13:01:52','1981-01-20 16:50:57'),(4,53,'Recusandae est inventore ut molestiae quibusdam qui. Consequatur totam voluptas quam ea eius et. Ex aperiam placeat ratione eaque id optio similique. Totam quia rem reiciendis earum non id minima.','1999-02-19 02:15:10','1987-09-20 23:10:26'),(5,30,'Ratione possimus consequatur qui atque ipsum. Autem est qui ipsum praesentium. Sint vel id error odit aspernatur. Sint eum et vitae reprehenderit aperiam.','1978-12-21 13:22:55','1983-04-13 17:42:20'),(6,32,'Eveniet at voluptatibus et veniam quia. Id accusamus sed aut tempore soluta et soluta. Ipsum sint nemo et rerum dignissimos voluptas suscipit. Qui repellat eos molestiae autem dolore odio.','2019-06-17 05:36:52','1998-08-13 13:25:46'),(7,52,'Aut at alias id placeat distinctio. Est totam quis numquam consequatur sit aut eaque ab. Accusantium ut id earum reiciendis consectetur vel.','2014-03-29 16:12:56','2018-06-26 04:25:32'),(8,24,'Consequatur explicabo delectus odio a. Quas odio ut modi minima rerum rerum iste quasi. Aspernatur mollitia aut qui earum consequatur deleniti id.','2014-09-04 18:51:31','1996-07-06 11:00:56'),(9,35,'Et aut recusandae deleniti dolorem nostrum. Magni autem et qui. Cupiditate laboriosam libero ad at officiis error. Ad dolore quidem sed distinctio sed.','1973-05-02 22:15:21','2016-05-06 06:47:21'),(10,40,'Enim est accusamus impedit non et recusandae reprehenderit. Vel ea qui tempore in nihil totam veritatis. Exercitationem blanditiis veniam et recusandae sed vel quasi.','2018-02-05 13:32:08','1979-09-09 09:25:19'),(11,84,'Similique ut repudiandae aut qui quos. Magnam sed voluptas voluptas doloribus dolores molestiae. Est animi quia modi debitis aut aut aut. Quia dignissimos earum sint dicta ratione.','2007-11-01 10:35:21','2009-09-29 22:25:37'),(12,97,'Et repellat voluptatum sit et. Et quo quas doloremque corporis in dolores. Modi at pariatur id.','2006-10-10 08:00:55','1981-05-11 19:11:01'),(13,27,'Ea in aliquid odit et. Sapiente rerum quam non natus et itaque. Vel ut iure eum inventore.','1985-07-10 01:24:56','1989-07-20 17:33:18'),(14,76,'Sunt ipsam dolorum ad expedita consequatur consequatur. Temporibus repellendus iusto maxime culpa. Fugit corporis et enim ipsum officiis.','1979-12-22 19:39:59','1981-04-01 13:03:48'),(15,85,'Perferendis ut omnis ut eius. Non sed iure voluptate quia impedit et repudiandae ut. Qui recusandae autem aut porro.','2016-06-02 20:39:09','2007-07-01 04:37:11'),(16,70,'Qui tempore rem omnis non dolor placeat. Hic dolorem deserunt et soluta. Quas rerum facere eos quidem laudantium.','2008-07-26 13:00:29','1998-01-30 18:09:02'),(17,56,'Laborum aut veniam ut sint numquam enim. Tempora in deleniti soluta voluptatibus nobis. Aut hic et suscipit ea tenetur mollitia sunt.','2002-01-17 03:27:25','1987-07-26 23:10:49'),(18,33,'Quibusdam quam ut in dolor dolorem. Neque ut id placeat voluptatem sunt adipisci. Natus aut qui quia id a fugiat ut.','2010-12-22 22:57:57','2019-08-26 22:05:05'),(19,83,'Aut autem quo et et explicabo. Quia voluptates nihil rem molestiae animi. Non quod rerum ut sunt provident. Totam odit quis voluptatem illo. Expedita voluptatum vel quia dolor dolor a.','2017-05-10 03:30:54','1994-07-27 04:36:10'),(20,60,'Ex tempora impedit esse enim quis incidunt sunt. Quia sapiente sed ut magnam sunt vel rerum. Quod rerum amet quibusdam id laudantium. Illo hic culpa aspernatur totam deserunt aperiam eos explicabo.','1987-11-10 02:08:42','2001-10-23 04:59:23'),(21,14,'Culpa iusto optio laboriosam nulla suscipit praesentium nulla. Quam et sapiente voluptates sed.','2002-09-21 13:27:16','1983-02-12 05:14:09'),(22,90,'Sed voluptatum doloremque cumque magnam vero ut earum. Ab soluta quo architecto. Vitae expedita optio numquam nihil. Quo dolorem qui nulla nemo officia non.','1986-07-13 21:36:17','2017-08-08 15:11:33'),(23,25,'Incidunt et maiores quia qui sed sed accusamus. Consequatur totam aliquam nostrum consectetur ut esse. Et voluptatibus non ut magnam. Dolorum modi fugit ex voluptas.','1989-09-01 15:17:35','1988-10-12 10:24:02'),(24,92,'Distinctio vel eum labore et. Ut ab non unde id doloremque recusandae quibusdam.','1999-03-22 18:38:38','2018-05-27 11:51:41'),(25,83,'Eius ut molestiae deserunt. Voluptatem amet quaerat non itaque aut eius est. Ea est reprehenderit voluptas ipsa iure sunt et. Blanditiis voluptatem amet possimus sit officiis natus itaque quia.','1978-02-01 20:52:14','2003-12-21 18:21:02'),(26,65,'Laudantium nostrum est tempora occaecati recusandae. Dolorum a harum odit. Repudiandae eos quo voluptatem eos. Explicabo eum cum eligendi aut et necessitatibus.','2016-06-25 13:23:56','2015-04-01 02:11:30'),(27,91,'Culpa ad inventore eveniet a qui velit. Explicabo velit vel dolor molestias deleniti quos nostrum. Rem ea officia quod magni.','2018-07-04 02:20:59','2016-10-14 11:15:49'),(28,6,'Minus assumenda nihil eaque quam maxime hic ipsam. Hic dolorem at eligendi. Est consequatur vel magnam aut quia omnis. Corporis magnam velit voluptatem facilis non minima laboriosam.','2018-03-23 19:22:24','1988-06-02 04:47:55'),(29,81,'Temporibus molestias adipisci error soluta perspiciatis omnis temporibus. Qui suscipit dolor sed et iste. Adipisci dolorem ut voluptatibus nisi consequatur aperiam aut beatae.','2001-02-12 13:25:12','1987-11-04 08:31:11'),(30,64,'Qui itaque enim odio consequatur rerum ut. Hic rerum nihil quas iusto aut eum sunt. Quia dignissimos reiciendis fugiat non rem ratione.','2003-06-07 01:30:07','2006-03-23 00:51:26'),(31,3,'Et dolor nisi expedita tenetur mollitia. Culpa a sed rerum ut magni. Nulla voluptatum nam ut molestiae rerum repellat qui.','2000-02-16 14:52:04','1988-11-19 00:13:58'),(32,48,'Blanditiis aperiam nesciunt accusamus quia ad et sint. Beatae asperiores et consectetur repellat explicabo labore. Possimus magnam temporibus maiores dolore. Ea vitae quo dolorum quia.','1990-06-04 07:47:37','1980-05-17 21:51:39'),(33,59,'Aut adipisci aut neque ut illo. Et iste qui provident maiores eius ab. Officiis et voluptatem aut voluptatem. Exercitationem omnis alias rerum nisi natus.','2009-04-02 03:47:00','1985-03-04 22:20:45'),(34,7,'Ut labore optio eum omnis. Aliquam animi officia fugiat voluptas et ut beatae. Sint consequatur nemo harum vitae est explicabo. Sunt aut reprehenderit sapiente dolor sed.','1972-04-05 00:24:02','2003-06-04 01:55:01'),(35,1,'Provident voluptas doloribus illum. Et error adipisci aperiam consequatur voluptas pariatur deserunt.','1994-03-31 06:34:46','1978-09-17 03:22:01'),(36,88,'Perspiciatis voluptatem facilis perferendis est et iure est. Vel et eos ipsa quisquam. Odio et voluptas aut similique voluptas.','2017-09-02 18:22:57','1986-08-26 15:55:56'),(37,38,'Expedita earum autem molestiae architecto incidunt. Quia facilis illo dolores iusto inventore. Ipsa ut tempora eum. Magni repudiandae et magni dolor.','2007-06-10 02:00:49','1982-09-19 07:07:54'),(38,53,'Occaecati quisquam modi quisquam tempora atque sunt. Fugiat impedit consequuntur esse consequatur animi reiciendis. Est quod quidem repellendus consequatur. Neque amet soluta magnam id id et.','1975-08-17 20:15:36','1979-05-04 07:09:19'),(39,12,'Sed aut porro ut aut inventore laudantium sed. Reiciendis cupiditate repellendus fugit pariatur ad quaerat hic. Quam molestias necessitatibus minus est.','2020-07-17 12:20:43','2004-05-29 14:52:20'),(40,73,'Velit non eum et ea. Quos necessitatibus labore a id consequuntur culpa. Et voluptatem molestiae mollitia quo voluptates. Cupiditate et veniam quia quas tempore.','2003-09-16 16:50:39','1981-06-22 21:10:51'),(41,92,'Ut consequatur ad nihil non. Laboriosam laboriosam occaecati perferendis saepe autem est. Qui labore consequatur sint voluptatem voluptatem atque fuga.','2006-02-27 07:25:55','2009-04-27 18:39:57'),(42,95,'Voluptates voluptatem neque hic ad. Occaecati aut necessitatibus quibusdam optio ut. Quia voluptates facere nulla qui et. In vero qui repellendus eaque deserunt tempora qui quia.','1993-06-30 23:48:48','1999-03-08 12:32:10'),(43,69,'Esse autem voluptatum sed et saepe tempora vel. Neque a modi quibusdam accusamus ea. Hic voluptas vel commodi veritatis nisi consectetur voluptate. Cum enim commodi optio dolores corrupti illum.','2000-03-10 17:44:31','2013-10-23 20:57:03'),(44,19,'Ut fuga sit quas labore minima tenetur. Est repudiandae sit illum ut molestiae porro. Sed et a adipisci. Dolores aliquam vitae pariatur officiis error et suscipit ullam. Eveniet sequi totam ea.','1980-07-28 16:44:44','2009-01-09 22:23:23'),(45,71,'Perferendis repellendus ut qui ipsa nam eveniet cum officiis. Quibusdam quia consequatur voluptatem non eaque provident accusantium. Quia laborum aut deserunt voluptatem non numquam qui.','1975-04-12 11:42:48','2011-06-17 08:59:58'),(46,54,'Et quisquam et autem et cumque cumque provident. Eveniet deserunt et eum possimus fuga. Sit id enim cum esse numquam voluptate.','1984-09-18 03:06:14','2012-08-03 22:35:47'),(47,88,'Esse illum consequuntur et dolorem eos repellendus. Sapiente exercitationem nihil illum. Sed asperiores quo amet reiciendis. Assumenda ab consequatur quisquam quas rerum.','2005-03-09 22:13:48','1998-06-10 06:39:05'),(48,26,'Quisquam veniam reiciendis nihil dolores quos necessitatibus corporis. Ducimus aut quia odit voluptatem nihil. Illo quos quis quia dignissimos. Eius itaque accusamus itaque quas cupiditate.','2000-02-02 01:46:52','2010-02-19 19:16:19'),(49,86,'Voluptas laborum optio numquam rerum fugiat. Fugiat nam fugit totam nostrum eum sit. Voluptas sunt nulla voluptatum tempore voluptatem maiores.','1971-11-25 03:12:31','1983-11-08 09:24:39'),(50,70,'Animi quibusdam animi in vel. Dolor asperiores fugiat exercitationem beatae enim excepturi. Quidem saepe expedita similique vitae qui nulla assumenda.','1993-02-05 01:25:11','1982-01-26 15:10:52'),(51,86,'Officiis vel culpa qui in eaque et ullam. Voluptatibus quibusdam animi et quas eos. Quidem culpa fuga dignissimos atque necessitatibus rerum. Natus et aliquam sunt maxime fugit.','2011-07-08 16:34:13','1983-11-21 21:13:02'),(52,100,'Quia quia velit autem deleniti. Et facere nesciunt voluptas dolores sed enim. At velit atque qui neque ea. Placeat itaque illum consequatur ducimus eius. Ut odio aliquam illo est laudantium.','1971-08-09 08:11:09','2001-07-15 05:46:28'),(53,60,'Quas maiores vel sit nostrum consequuntur. Minima sequi nostrum corrupti odio. Incidunt quas sit commodi doloremque nihil. Earum ut voluptatem magnam sed blanditiis nisi. Voluptate amet et numquam.','1981-12-16 21:58:24','2005-08-06 23:19:34'),(54,10,'Consectetur tempore et occaecati voluptatum consectetur deleniti explicabo. Quis quibusdam reiciendis ut et sequi suscipit. Dicta libero maiores animi quia consectetur tenetur veritatis ut.','1981-06-27 14:48:27','2019-08-02 19:51:18'),(55,92,'Numquam praesentium laborum est quam non fugiat. Quae quia qui ut consequatur ea. Sunt temporibus placeat doloremque aut sequi accusantium.','1985-07-30 09:05:49','2015-05-11 17:41:49'),(56,42,'Dolorem enim omnis et et est eius quia ut. Fugit fugit quae sunt rerum odio. Velit beatae nihil voluptatibus ipsam dolorum.','2012-11-27 06:26:39','1976-09-29 16:01:56'),(57,75,'Ut et aut est dolore. Dolorem ea non et maxime autem aut sapiente.','1998-08-24 05:12:53','1972-01-07 05:36:17'),(58,82,'Blanditiis dolore temporibus distinctio. Quidem dolor ea modi iste.\nTempora consectetur aperiam aut. Quo ut autem quis dolorum. Fuga consequatur et suscipit velit et consequatur enim fugiat.','2013-06-25 10:03:12','2001-08-15 10:46:36'),(59,47,'Nesciunt consequatur explicabo facere laborum. Non quis odit enim sint reiciendis ut. Enim corporis incidunt perspiciatis adipisci unde omnis odio.','1990-11-23 13:45:37','1996-01-01 05:35:41'),(60,55,'Porro iste eligendi in et dicta veritatis. Provident corporis omnis iure odit voluptatem officiis. Minus similique non officiis ab. Tempora itaque labore at dolorem consectetur aperiam saepe qui.','1975-11-29 04:21:07','2010-03-23 09:22:15'),(61,46,'Tempore dolor iusto voluptas qui quidem at laboriosam. Corrupti hic officia consequatur maiores. Veniam blanditiis fugiat minus minus suscipit nostrum.','2004-07-19 01:49:41','1997-12-18 21:41:17'),(62,50,'Est culpa officiis unde eveniet. Quo et eius itaque ratione architecto voluptatibus dicta deserunt. Et fugiat qui aut repellendus atque molestiae.','2001-06-05 14:09:28','1999-03-11 10:36:12'),(63,3,'Nisi aut doloribus iste. Eaque impedit quae molestiae id inventore. Sit nostrum sit et nesciunt. Ex reprehenderit consequuntur qui. Deserunt accusamus aut iste sapiente quam.','1973-03-29 01:19:12','2010-08-19 19:42:59'),(64,5,'Ut ea inventore ipsam dicta repellat tempore et. Vel rerum quo nam qui. Eos dolorem deleniti id ad hic officiis. Sint nulla ab sint rerum quos molestiae.','1972-12-14 11:07:15','2003-03-15 07:53:51'),(65,57,'Necessitatibus exercitationem voluptatum ut fugit ut nisi. Asperiores ut voluptatem ipsum optio et reprehenderit atque. Labore ex beatae quod nisi corrupti.','2006-11-27 18:59:19','1981-12-20 02:14:53'),(66,3,'Quis doloremque sint voluptatibus aut ullam quidem rerum labore. Quaerat aliquam incidunt neque assumenda sit. Rerum accusantium cupiditate autem repudiandae pariatur modi neque.','1993-02-16 22:47:13','1970-10-27 16:25:48'),(67,92,'Quia quisquam sequi eum dignissimos quasi sit. Soluta aliquid maiores cumque et illum. Vero quis et dolore veritatis explicabo totam nemo.','1983-06-04 09:30:38','1970-06-02 00:21:27'),(68,94,'Optio rerum ut ipsa doloribus ea quo. Vitae quis incidunt rerum sit. Vel esse et voluptatem voluptatibus quaerat iusto. Minus nam dolorem deserunt et soluta modi occaecati non.','1990-10-20 08:23:58','2017-05-22 21:33:31'),(69,55,'Quia eveniet tempore tempora qui. Impedit aut velit ad laboriosam aspernatur tempore est. Voluptatem illo eos ut dolorum. Optio aut fugit asperiores perspiciatis quam aut.','1978-07-19 15:45:43','1989-08-28 14:32:15'),(70,3,'Commodi illum est eos repellat aliquid laudantium. Eum quo et suscipit qui reprehenderit vel harum. Quos at in qui et. Officia ipsam quo earum nihil vel assumenda sunt laudantium.','2006-03-26 09:57:59','1977-07-26 19:48:00'),(71,67,'Ipsa qui nostrum odit ut. Laborum consequatur aliquid iste architecto ab labore eaque. Deserunt dolores voluptas est earum illum omnis molestiae.','1974-10-26 14:26:02','1974-11-04 00:03:55'),(72,47,'Consequatur harum ad et ut sint est. Animi maiores corporis a. Impedit sit maiores suscipit rerum.','1982-02-03 07:27:57','1978-09-14 07:32:41'),(73,98,'Id ipsum voluptas ratione sapiente enim necessitatibus excepturi perspiciatis. Soluta mollitia et neque consequuntur assumenda omnis recusandae. Et voluptas voluptas rem sit.','1984-03-10 05:48:45','2018-08-22 16:42:01'),(74,35,'Voluptas debitis mollitia quos impedit accusantium voluptate. Dolorum temporibus tempora qui voluptatem fugiat delectus. Cumque perspiciatis accusamus nobis animi quia maiores.','1979-07-09 03:09:40','1994-03-22 23:13:02'),(75,65,'Ipsa commodi incidunt rerum. Dolor inventore quam eaque unde totam necessitatibus explicabo ipsa. Incidunt minima ut et voluptas repudiandae qui eligendi.','1978-07-15 16:06:43','1997-04-20 06:46:45'),(76,68,'Est veritatis molestias quos molestiae. Et delectus similique deserunt et ab animi laboriosam.','1991-10-06 12:01:17','2015-04-26 11:03:36'),(77,89,'Voluptates velit amet sunt voluptatem. Aspernatur magni occaecati accusamus fugiat. Delectus hic deserunt quae qui voluptas autem cupiditate.','2015-02-05 18:17:46','1977-11-27 04:44:16'),(78,53,'Quo nulla praesentium sed voluptate consequatur saepe nihil. Officia dignissimos et suscipit laboriosam modi saepe neque. Et ut illum beatae modi earum quis numquam.','2017-01-16 03:20:55','2006-01-19 11:52:21'),(79,94,'Illum quia quisquam et dolorem quia quis. Dicta est amet aut quaerat sed vitae enim aut. Fugiat sint odio aliquam alias quae ducimus omnis.','1991-08-27 17:18:27','1993-06-16 07:21:57'),(80,74,'Rem rerum omnis numquam labore qui. Perferendis ipsum assumenda nemo officia fugit ut id magni. Culpa fuga doloribus veniam ut molestiae.','2017-07-23 14:00:51','1991-11-15 16:17:18'),(81,23,'Vitae harum fugit reiciendis enim libero non quia. Exercitationem vero molestiae dolor omnis. Earum qui eligendi assumenda voluptas quidem corrupti.','2019-02-25 13:03:13','1971-08-04 14:29:12'),(82,80,'Maiores voluptatem sint quia quia repellat rerum. Aliquam est tenetur aut laboriosam in non. Debitis qui eius totam perspiciatis et omnis numquam.','1973-01-11 10:00:44','2014-03-05 13:24:43'),(83,74,'Qui doloremque sequi nulla. Dicta aut aut non nemo. Nemo et dolor maxime dolor voluptatem illum assumenda hic. Rerum et voluptas quia et tenetur fuga quia.','1981-09-09 12:24:15','2000-08-17 18:18:16'),(84,82,'Perspiciatis mollitia et dolores sit non eum odio aut. Rerum aut commodi distinctio omnis esse occaecati. Iure sunt consequatur quaerat soluta voluptatem.','2014-12-11 23:15:12','1992-02-28 12:18:11'),(85,89,'Excepturi officiis eum asperiores soluta ut. Provident est velit id. Voluptates velit sed ut earum voluptatem aut.','1975-09-15 15:12:28','2019-12-29 02:40:16'),(86,65,'Sunt velit deleniti est tenetur est. Voluptatum sint molestiae sit dolore pariatur. Aut ipsa velit error dicta nisi quis voluptate. Veniam harum eum qui accusamus. Unde possimus qui velit labore.','1999-02-22 06:47:35','1972-04-22 16:06:48'),(87,23,'Non neque tempore quis molestias enim. Numquam aliquid ipsum animi dolore illum.\nPerferendis sit dignissimos quis. Quis omnis quia aut optio quo. Officia laudantium sed et architecto blanditiis quos.','1981-11-12 17:54:33','1983-08-04 12:16:00'),(88,64,'Laborum nam amet ut occaecati. Ducimus eveniet sit aut eum. Expedita aut alias molestiae animi ex nulla iste. Aspernatur nihil porro quae nostrum ut autem iste.','1982-07-18 15:17:56','1997-10-18 17:11:56'),(89,47,'Fugiat quis fugit omnis qui laborum. Qui fugit aut nemo ullam quia. Est possimus sunt odit est similique ratione. Similique provident sed libero distinctio est veniam.','2010-12-30 00:15:54','1983-09-10 22:28:33'),(90,70,'Quis qui qui et illo at. Laboriosam veritatis consequuntur est vitae repudiandae et. Et atque architecto ipsam distinctio et itaque. Cum deleniti beatae aut dolores ut repudiandae.','2012-10-19 04:29:23','2019-12-07 12:02:28'),(91,19,'Quia nam et sint aut suscipit ad. Aliquam et autem voluptatem. Sit dolorem est quis quam dolores quidem iusto.','2004-08-01 05:17:14','1979-10-25 11:08:55'),(92,93,'Ullam laudantium quisquam eum eveniet eaque. Assumenda dicta inventore aut. Quia sit dolores quo numquam non eius.','2001-11-11 08:11:55','2015-04-14 05:17:50'),(93,20,'Quia ea repellat ab commodi quia facere. Sequi ut et quia neque. Natus ipsam placeat est quod aut nostrum eum. Est qui qui quis veniam doloribus laborum in recusandae.','1986-02-10 02:33:33','1975-10-23 03:57:43'),(94,21,'Assumenda quia eius aut reiciendis vitae accusamus rerum expedita. Minima a soluta reprehenderit omnis. Dolor assumenda in ea qui voluptatem.','1971-08-16 01:21:03','1978-05-03 20:41:58'),(95,97,'Ad eligendi adipisci nobis iure. Odio exercitationem enim repudiandae in consectetur sequi omnis animi. Praesentium voluptates est amet ducimus dolorem labore quis.','1987-05-05 01:00:17','1979-08-14 01:08:32'),(96,76,'Autem sint nisi voluptatibus culpa. In sapiente occaecati maxime neque reprehenderit tempora nam qui. Illum aut fugit aut explicabo dolores odit dolores.','1993-08-29 14:27:32','2009-02-03 06:00:22'),(97,24,'Sunt perferendis est unde eos. Aut quo esse qui dolor illo est dolor. Ipsam laborum pariatur totam aut.','1984-04-06 03:10:24','2013-04-11 18:34:22'),(98,89,'Delectus eaque ducimus voluptas consequatur voluptatum libero. Dignissimos porro praesentium recusandae et sint. Quisquam aut voluptates dignissimos.','2002-12-08 15:38:30','2004-11-05 01:34:56'),(99,70,'Nemo sed illo maiores consequatur debitis. Dolorem temporibus sit et aut nulla. Est vel corporis neque impedit et qui quo odit. Aspernatur asperiores repudiandae dolor non non animi temporibus.','1971-03-07 14:09:03','1988-09-10 00:35:39'),(100,79,'Temporibus optio odio et qui. Et itaque fugiat et. Ea sunt ea animi.','1972-04-16 20:17:13','1972-02-12 15:59:13');
/*!40000 ALTER TABLE `posts` ENABLE KEYS */;
UNLOCK TABLES;

--
-- Table structure for table `users`
--

DROP TABLE IF EXISTS `users`;
/*!40101 SET @saved_cs_client     = @@character_set_client */;
/*!50503 SET character_set_client = utf8mb4 */;
CREATE TABLE `users` (
  `id` bigint unsigned NOT NULL AUTO_INCREMENT,
  `firstname` varchar(50) CHARACTER SET utf8 COLLATE utf8_unicode_ci NOT NULL,
  `lastname` varchar(50) CHARACTER SET utf8 COLLATE utf8_unicode_ci DEFAULT NULL COMMENT ' ',
  `email` varchar(120) CHARACTER SET utf8 COLLATE utf8_unicode_ci DEFAULT NULL,
  `phone` varchar(20) CHARACTER SET utf8 COLLATE utf8_unicode_ci DEFAULT NULL,
  `birthday` date DEFAULT NULL,
  `hometown` varchar(100) CHARACTER SET utf8 COLLATE utf8_unicode_ci DEFAULT NULL,
  `gender` char(1) CHARACTER SET utf8 COLLATE utf8_unicode_ci DEFAULT NULL,
  `photo_id` bigint unsigned DEFAULT NULL,
  `create_at` datetime DEFAULT CURRENT_TIMESTAMP,
  `pass` char(40) CHARACTER SET utf8 COLLATE utf8_unicode_ci DEFAULT NULL,
  PRIMARY KEY (`id`),
  UNIQUE KEY `email` (`email`),
  UNIQUE KEY `phone` (`phone`),
  KEY `phone_2` (`phone`),
  KEY `users_firstname_lastname_idx` (`firstname`,`lastname`)
) ENGINE=InnoDB AUTO_INCREMENT=101 DEFAULT CHARSET=utf8 COLLATE=utf8_unicode_ci;
/*!40101 SET character_set_client = @saved_cs_client */;

--
-- Dumping data for table `users`
--

LOCK TABLES `users` WRITE;
/*!40000 ALTER TABLE `users` DISABLE KEYS */;
INSERT INTO `users` VALUES (1,'Israel','Quigley','daphne53@kris.info','89069157733','1997-11-06','22552 Orland Burg','m',7,'1991-08-02 01:13:17','18d664cb513fd18f82daf206f6797eadb035e334'),(2,'Delia','Kessler','ezra96@yahoo.com','89285224102','2007-11-26','911 Delphia Rue','f',2,'1988-12-09 16:38:17','354cd6f4d659b95f68226a8930f503d330e652f3'),(3,'Madelynn','Hermann','kris.lyric@pagac.com','89089982283','2001-10-04','1095 Tracy Ridges Suite 498','f',1,'1992-07-29 03:01:13','c4308ddddb5754fe62b1472d03abce758734245e'),(4,'Kendall','Prosacco','ryann17@harvey.org','89515141324','1993-04-18','3373 Kassulke Pike','m',4,'1992-05-31 10:23:25','09dd5e16f73de569f5d52cd38951040f2fee0458'),(5,'Bethany','Pouros','elvie.morar@gmail.com','89263305327','1993-04-18','84173 Mueller Rue','f',0,'1986-10-21 10:14:43','872579cedde9237118251c3005c8a83884b3e9bd'),(6,'Kennith','Swift','zlindgren@bode.org','89517751117','2020-10-05','98736 Cleo River','m',1,'2011-05-01 11:14:21','4fc6ff3642dcb6e59f5b97f853138148fa19dd6e'),(7,'Amelie','Connelly','kraig.ebert@yahoo.com','89655455861','2018-11-05','2040 Maggio Summit Apt. 751','m',7,'1984-11-14 02:54:47','5024fa1ca1a9aa6749e71b9fe9fa86b82820ca54'),(8,'Phyllis','Kunze','schiller.jordon@crooks.com','89236406838','1990-11-25','5007 Harris Brooks Apt. 723','m',4,'1979-08-25 05:31:26','8f56ab7c66a89745c0808c9bc0ff04e4a39118eb'),(9,'Linnie','Olson','wisoky.dariana@abshirelebsack.info','89658885902','2013-04-27','44405 Hadley Light Apt. 060','m',1,'2018-09-15 23:09:00','767cf8475b0787a32b7840945fd7c6b8d0334ad3'),(10,'Marco','Mohr','davis.francisca@hotmail.com','89820841242','2010-05-19','7050 Hessel Cove','m',2,'2001-09-13 06:26:25','e94cca1b92b91f3397ae9a401e9be1c08e4e407f'),(11,'Adrien','Pollich','hassan.renner@yahoo.com','89893500728','2017-07-20','350 Katelyn Junctions Apt. 081','f',6,'1999-03-28 21:36:26','0d377516d1d2e61024ad67752d4ffe09af137dcd'),(12,'Crawford','Pagac','valentin37@hotmail.com','89660823070','1980-06-29','2287 Hirthe Burgs','f',6,'2012-09-05 13:25:26','19199a642f5eaf99d6061dae1db738160e1ac71e'),(13,'Gino','Doyle','queen18@yahoo.com','89829685031','2018-06-24','901 Dax Fields Apt. 434','m',4,'2017-06-09 01:57:22','2795d03b3d2bb0057ab80c3fd3e7bac861c0b546'),(14,'Mina','Ullrich','karianne09@prosacco.com','89646080280','1982-05-10','208 Kuhic Trafficway','m',8,'2007-06-30 04:32:24','cf10896e6e942e19050a98072ba4ab587f146d72'),(15,'Lysanne','Lynch','adolphus51@farrell.com','89132108421','1994-02-17','36176 Kobe Route','m',4,'2013-07-13 00:45:19','ca1f730a4cd1a4863c0a09c95b280a166d0ee0ba'),(16,'Viviane','Reynolds','lenore21@hotmail.com','89098521969','1972-04-07','74364 Leuschke Oval','m',3,'1989-06-07 12:07:47','3521b42d85d1b37236d932604697971ef626934b'),(17,'Amani','Parisian','ernestine99@gerhold.com','89033455772','2018-11-05','90872 Rutherford Crest','m',8,'1986-05-15 10:47:20','a692fdf5406ead1dbc0955841a1649d1a486e446'),(18,'Darby','Monahan','qwaelchi@yahoo.com','89406907327','1977-03-27','232 Ezekiel Cove','m',2,'2012-12-03 09:33:36','a915c19c0c95de826468e924a8bc84e19f538634'),(19,'Carter','Bahringer','vrosenbaum@gmail.com','89028559287','2018-08-18','227 Cummerata Corner','m',9,'1993-07-10 20:06:46','0cc3625a84742059d17240f70664ea36e4022172'),(20,'Shaylee','Batz','lupe79@tromp.org','89389608499','1978-02-28','5334 Denesik Forges Suite 545','f',5,'2009-03-14 13:22:02','b87a0af763fc824676b5ddb69d12b682bc0128d5'),(21,'Chyna','McCullough','ntorp@hotmail.com','89663261424','1996-07-08','3994 Eleanore Crescent','f',4,'2017-06-03 07:14:55','b2a238259b8153c9198902f4e35ba4da67256d28'),(22,'Pamela','Runolfsson','hschuster@gaylord.com','89634254433','1992-07-19','469 Armand Crest Suite 429','m',7,'1984-06-29 12:25:45','34a672a3632a1288b6cfd43a907619bcf5dbff85'),(23,'Dejuan','Von','legros.pauline@gmail.com','89852111994','2000-11-18','91628 Gleichner Lake Suite 252','f',0,'1977-11-25 09:54:58','14456977e990424a1fb0c716c004202cd529ef6d'),(24,'Milan','Lemke','corkery.dandre@smitham.com','89029869060','2011-12-01','55442 Jaylan Hollow','m',3,'1990-03-23 22:39:49','69396f5672336557845d092b323c6c87bd7f4c78'),(25,'Karianne','Marquardt','rafaela76@thompson.com','89293094877','1998-04-06','057 Rowe Forks','m',2,'1982-10-09 01:21:20','e33374e81ecbbb2871e64fa7df096921b7ce1b4d'),(26,'Ashlynn','Kirlin','qgleichner@yahoo.com','89865312573','1987-08-16','480 Bryana Loop Suite 659','m',5,'2004-05-10 13:38:20','d251b70b63cb5b2dd97c9d9906e7d08ca669e4ba'),(27,'Leda','Cummings','chadd23@blanda.com','89453967160','1997-08-13','8504 Bergstrom Freeway','m',9,'1998-02-04 09:30:09','5a58da6b46f0aed4bfd405bb85a0c82fccc96c91'),(28,'Trudie','Marks','kitty.glover@barrows.com','89350903078','1979-09-03','265 Rowe Mews','m',2,'1983-05-08 22:31:10','3dea16a442a61872917e16d671969c8faf7a0301'),(29,'Catalina','Kunde','kenya.padberg@yahoo.com','89720366427','1994-07-16','5324 Jovany Stream','m',2,'2013-09-18 01:34:21','1396bcc967213163e45a562ec249595556d6e7c0'),(30,'Chad','Schowalter','ngoyette@hotmail.com','89155952704','1987-05-06','58079 Cleve Mill Suite 190','m',6,'2001-03-15 15:18:17','4f328d07f0d7f5c7303509f3e7b929f0f04e8904'),(31,'Maud','Boehm','olen.bailey@murphy.com','89664386786','2011-03-09','49464 Alysa Coves','f',4,'1985-03-17 04:41:58','12a9b7a77b25b91e9059fd326cc0a48b8897a424'),(32,'Grayson','Steuber','mathilde28@gmail.com','89706285872','2000-06-03','891 Noemie Lake','f',5,'1982-10-24 08:38:21','1d8be70fe85ed145b9db50cb929801544071c21e'),(33,'Clair','McClure','kale23@hotmail.com','89418530807','2013-09-04','5780 Brycen Union','f',7,'1989-01-22 11:14:54','9da702feb522fa3d3b25807ff3106d6d58fde131'),(34,'Cedrick','Stokes','consuelo.adams@yahoo.com','89882203374','2011-04-23','309 Cummings Burg Apt. 024','m',6,'2006-01-29 15:59:36','60827d75157bb711c0a8d4235d99b0d42b397b58'),(35,'Tyrell','Quigley','muller.odie@carrollhaag.info','89626454973','2015-09-09','87395 Bruen Loop','f',0,'2016-02-20 17:13:34','d4586f99bde155869f008760539804a48a7eaa82'),(36,'Micheal','Feest','madyson65@hickle.com','89495676533','1977-10-10','16931 Ashtyn Cliffs','m',3,'1990-10-06 23:49:19','02d8c4f8cb84ced8003f73231a7f54c96fa34d9f'),(37,'Vernice','Murphy','kailyn30@bins.com','89952983990','1974-02-01','10170 Emmerich Rue','f',3,'1996-04-28 07:49:15','d3492830a2316920ad2bb1b9a46d4a999c2fbc34'),(38,'Aida','Grady','jaskolski.nico@yahoo.com','89939273419','2010-09-07','67789 Chauncey Haven','m',5,'1981-03-15 20:48:50','2c7aa1ee5af4fc97ca26ca308dfe79a43d32c5ef'),(39,'Esmeralda','Funk','dgislason@yahoo.com','89432091596','1978-07-29','777 Patricia Curve Apt. 617','f',7,'1972-12-29 22:25:14','7255e1717dd50b4dbd672154a7d9fe72f7689828'),(40,'Lauretta','Reichel','garett39@dicki.com','89345276344','1994-01-27','39735 Keaton Mount','m',2,'1978-08-19 06:42:29','a67e10f619b765bd83c053369dbb331c0311f8a1'),(41,'Demond','McLaughlin','imogene.quitzon@yahoo.com','89050476794','2009-03-25','228 Hodkiewicz Manor','m',5,'1989-03-09 18:50:37','8ea3925af8de0efb1fca52dc315e901cdda952dd'),(42,'Kristopher','Daugherty','gkihn@gmail.com','89693277515','2014-07-11','5419 Marvin Knoll Apt. 450','m',7,'1973-01-05 03:10:14','5963af65c3513f55ce3d7f0e4447e75dedb940ad'),(43,'Yesenia','Gerhold','ari25@haleyosinski.biz','89267483709','2004-08-10','9057 Trantow Skyway Apt. 080','f',3,'1987-01-16 10:54:09','45b920a820c794ca7a1d85577d3d538e5fa7cd9c'),(44,'Lynn','Thompson','madilyn.schoen@goldnerturcotte.com','89888917490','1979-05-18','80977 Earnestine Ramp Suite 962','f',8,'1995-06-02 17:12:52','0ba15a1dcc00141471a238b723175657ffe88312'),(45,'Carolina','Pacocha','florida.johnston@gmail.com','89834664141','1989-05-19','563 Schneider Oval Suite 287','m',5,'2014-07-28 11:28:54','a7ffc77c97c80a9b7e7c08068c12c97c1a51691e'),(46,'Kole','Runolfsdottir','pascale.satterfield@gmail.com','89467596941','1974-10-16','7999 Breitenberg Way','m',3,'1994-12-15 15:54:52','412a89e384d2d47b2d018594a6f66ccacf9908e4'),(47,'Precious','Littel','hansen.esther@gmail.com','89953015141','1993-07-23','51560 Percival Crossroad','m',7,'1972-11-18 18:36:27','39597a4de16b73bcb60770cb8b5f6e73c42e9b1c'),(48,'Aliza','D\'Amore','maureen.cassin@yahoo.com','89787340675','2001-04-17','8555 Wendell Ridges','m',5,'1996-09-25 19:29:38','e90a623c4103bc61996a110dbe2fb73e3a422396'),(49,'Lela','Botsford','jason.eichmann@gmail.com','89935245403','2017-08-04','401 Wayne Valley','f',4,'1981-12-01 00:52:01','cd9fcd07b0f77a9ed0e7860870bf95cfd40cc3b0'),(50,'Pascale','Bailey','mauricio96@gmail.com','89592489472','2019-06-15','9612 Sydni Lake','f',8,'2007-07-11 01:25:29','4c61fee4be31e4f10f3afb6e702ab2522c725b65'),(51,'Rosina','Denesik','kuhic.andrew@nienow.biz','89060731306','1978-12-28','8597 Gibson Club','f',5,'1985-04-21 00:27:54','77ca3c085b9f0d422977a53ee9d5f8d97bf99cc1'),(52,'Linnie','Bruen','tkoelpin@gmail.com','89170209006','1998-12-21','445 Samantha Parks','f',9,'1997-03-08 22:44:32','9654875fbb0d1402543d539663eabf370028643c'),(53,'Ashlee','Jones','milo.rath@yahoo.com','89667933449','1975-04-03','003 Pollich Crescent Suite 885','m',0,'2014-11-30 01:23:21','ba21c552893f5561c84144963f32748274629b12'),(54,'Piper','Jenkins','becker.ana@kerlukepurdy.net','89554670899','1999-06-29','7628 Roob Knoll','m',6,'2006-11-03 21:24:41','433ba93936e3cf5c0acfd7308715d16677b75d69'),(55,'Lonie','Schulist','tamara.powlowski@stoltenberg.com','89585365877','2005-09-06','955 Dare Skyway','m',4,'1993-11-07 17:32:53','7d1cddac28a72a66f0828a2c95532a2a680d3955'),(56,'Milo','Lynch','blake97@hotmail.com','89916867066','1982-07-20','83129 Jabari Flats Apt. 435','f',4,'1999-11-22 00:16:10','15d92f17f84ed965ff870d1bd683be68b0ba1bb8'),(57,'Rudolph','Corwin','rey.weber@yahoo.com','89917733038','2016-09-28','02746 Lang Ridge Apt. 076','m',5,'2013-08-10 09:23:18','ca0754a8251c7bf69a8101f4e7fc6e69d5499c47'),(58,'German','Buckridge','hahn.shaniya@crist.com','89324931520','1996-05-26','32141 Dimitri Divide Apt. 258','f',6,'2009-12-01 07:17:20','bc5d046f7b7d0dc72cf49de7c5a0431f5efc525d'),(59,'Blanche','Beier','swolff@crooksdoyle.biz','89288589582','2004-11-16','079 Will Greens Suite 930','m',4,'2019-03-16 21:45:19','87f309158c9c84e0fd2836002ecc4c41b7277c1d'),(60,'Sheridan','Auer','wolff.roger@hotmail.com','89717326962','2008-12-20','544 Kunde Plains Suite 304','f',3,'1986-01-22 20:53:50','96b4d84cc3178317ad9475ea962e200c0b91536b'),(61,'Alfonzo','Dare','alexane26@doyle.biz','89673297580','2018-07-27','682 Marcus Wells','f',4,'2008-10-31 15:14:57','e00ec0a934a62fcfed995915017e5713138e8f5b'),(62,'Eva','Feest','wmccullough@gmail.com','89711486164','1983-03-13','025 Carrie Lane','f',3,'1972-12-20 20:20:14','0c69578f157a15dc70723ef6fdc9c268169985e0'),(63,'Cicero','Steuber','earnestine34@hotmail.com','89395156709','1987-08-08','424 Hyatt Pike','f',4,'1986-05-30 19:51:26','2e873c84b9c662017b401debe86a105b6b368298'),(64,'Deondre','Cormier','cruickshank.alize@kuvalishudson.com','89723234974','1974-11-26','8760 Kulas Junction','f',8,'2006-05-19 11:27:27','9365e0fd960dc1ad0c09b1c6bcfbb0e1f57b8ba1'),(65,'Freeda','Spinka','delaney.runolfsdottir@hotmail.com','89167336978','1998-04-17','080 Albina Rapid Apt. 584','m',3,'1991-07-19 10:05:19','05a2bab06cdfc650b28b8b1182d6470ad1cc44f0'),(66,'Bonnie','Kilback','satterfield.lane@stehr.net','89405401915','2020-09-02','585 Hans Course Apt. 137','m',3,'2001-06-19 20:25:57','a0539240a2358bf47eb891579c8de9fc035d282b'),(67,'Evelyn','Blanda','manley.hyatt@gmail.com','89499627034','1995-12-16','571 Buckridge Green Suite 808','m',4,'2000-01-28 05:46:25','6af42919c4b6a36ea2317881ab1239783544d90a'),(68,'Ashtyn','Paucek','art.ratke@purdy.net','89263209948','2013-02-04','87047 Greenholt Roads Suite 887','f',4,'2010-05-05 19:11:26','af7086eb51adc512de0029b4f2d2c39d010229d9'),(69,'Evangeline','Runolfsdottir','qjacobs@kerlukezemlak.com','89783064133','1979-01-24','342 Brielle Shores Apt. 047','f',2,'2014-09-15 06:06:37','08d716a03946868bfb1088c7a846090d420e16b1'),(70,'Marilyne','Boehm','leffler.cameron@gmail.com','89840441565','1991-11-25','6737 Labadie Run','f',4,'1989-05-02 15:44:13','33fa3f12f8612ba808d8d3f69da67b5a609e7236'),(71,'Cecilia','Padberg','kiehn.anabel@hotmail.com','89450869991','1990-01-24','8384 Pfannerstill Plains Suite 834','f',5,'2017-09-30 14:47:17','25ac57a8067d497906e52f0337e9c22a7e4d5eb6'),(72,'Carmella','Hermiston','broderick.grimes@yahoo.com','89619521940','1976-06-21','61873 Quincy Ridge','m',7,'2003-11-07 05:31:28','c7e4da27fff05b851c7244f22be5fe4f713bb0ab'),(73,'Rosalia','Reilly','domenick.carroll@gmail.com','89691891838','1989-07-16','694 Blaise Shores Apt. 328','f',0,'2013-05-22 05:23:23','e16828114087bd58117e5f0ea3f9b7f61c8a2e60'),(74,'Melyssa','Beer','twiza@hotmail.com','89127262327','2014-07-12','9494 Parisian Parks Suite 678','f',1,'1981-08-02 07:05:32','5e6994486ffacef1a10bb7f6e921e21011214393'),(75,'Monserrat','Anderson','marshall.fay@hotmail.com','89371566516','1998-07-05','595 Trudie Valley','m',9,'2005-12-10 14:08:30','f403c26f2f106c480cce13cbb31abc9fa386e4a2'),(76,'Tyreek','Mayer','ueffertz@brakus.biz','89346745462','2009-06-26','564 Mosciski Fall Apt. 369','m',0,'1994-12-31 10:02:44','58a3315fd1b81a8461a2235c7d1ea2ab1be33006'),(77,'Hoyt','Moen','lebsack.ezekiel@gmail.com','89895291698','1973-10-25','07746 Alejandra Ports','f',7,'2011-07-11 08:22:29','906b8748f7eb689b49fb4741cc93b49876d50422'),(78,'Agustina','Bechtelar','dario05@hotmail.com','89977913931','1980-10-18','235 Kessler Estates Suite 155','f',1,'1978-01-09 20:55:27','312f3dea20396ac502948665a6708cc62a9db5c0'),(79,'Gina','Gulgowski','xkirlin@kassulkekshlerin.com','89735026875','2012-09-10','1756 Welch Common','f',1,'1978-09-23 02:05:38','c55eedbefd29e19d7d428fab5474f6b6a1fd89d5'),(80,'Gertrude','Kilback','elisabeth.mraz@blandahand.info','89259299479','1996-03-22','67681 Abbott Hills Apt. 817','m',1,'1982-10-07 19:37:01','8e5d4494ebbd6dcc7dcd0b4e5b5bb9b0064fe024'),(81,'Meagan','Brakus','kameron70@yahoo.com','89159647988','1982-05-17','665 Vena Isle','f',7,'1978-12-28 03:55:34','9ec471bde813425631860b92549edc24899fbfca'),(82,'Marcia','Trantow','river.bartoletti@uptonlubowitz.net','89222942003','2009-04-28','35021 Nico Squares Apt. 831','f',8,'2012-09-28 06:12:12','72b27f823397184ad2c8a6d81b27c6f0a0446fd5'),(83,'Yasmine','Yost','king.concepcion@kessler.com','89243215417','2012-05-09','0086 Kenny Ports','m',5,'2013-05-15 06:54:57','9a73e5971748f58860b77a66a0bc6687b7272aec'),(84,'Emily','Gorczany','kilback.angela@hotmail.com','89861300053','2012-05-16','94055 Louvenia Mill Suite 329','f',9,'1986-09-13 14:13:56','ac2a95d3867aba8bbbbf9d05d74362481a9b49ad'),(85,'Kayley','Schowalter','margarita.frami@yahoo.com','89202001618','1998-06-29','237 Bennett Cliff','f',9,'2004-08-22 09:22:41','60ed4270d564bb46d8eef6b2e5ff5013c6363e94'),(86,'Russ','Bernhard','ncrona@hotmail.com','89587324939','1975-06-09','499 Kshlerin Trace','f',7,'2006-01-03 16:36:38','3a28abdd25bdc177d3b323b2e8cc2c913e829acf'),(87,'Vanessa','Howe','roosevelt58@yahoo.com','89643722671','1978-11-12','7834 Jaskolski Plain','m',4,'1976-02-20 05:50:50','14f41ec16c9c2952e9fd95ca0980f2a96627eda1'),(88,'Kaci','Carter','anderson.audra@mrazhickle.com','89222543278','1980-06-30','511 Alivia Viaduct','m',7,'1975-06-18 12:16:43','c581f0cb6569c5ecc2067e3b538aced267f78448'),(89,'Arnoldo','Lueilwitz','mueller.felton@kuvalis.com','89872105760','1993-02-10','50059 Asa Underpass Suite 507','f',8,'2008-11-11 20:54:40','c4c05431b1f10df30393750261af4522d8e26abb'),(90,'Vivien','Roberts','fbernier@gmail.com','89644972316','1982-09-28','24216 Howell Drive Apt. 385','m',3,'2006-03-28 05:31:58','e30b0102ff605f369765d507cf12bbd222b31a17'),(91,'Harrison','Stehr','coby82@yahoo.com','89832788114','1976-08-23','974 Weber Parkways','m',6,'1998-10-01 05:39:16','7fd80e9cd9758ba77f2228e059a6b71b2ab3a3ab'),(92,'Micaela','Rogahn','reynolds.donato@hotmail.com','89077651326','1976-09-23','8696 Aglae Drives Suite 726','f',0,'2004-11-29 06:34:01','3340bd0274c92a8514cecf77ef99398b5a05c645'),(93,'Linnie','Price','dakota.nienow@yahoo.com','89834096787','1991-11-17','38622 Sydnie Groves','m',1,'2019-04-21 10:07:08','919b98c3fec81f8965403d0b7b92dedac5588452'),(94,'Javon','Brakus','wpfeffer@mooreosinski.com','89108469124','1990-06-30','22841 Chadrick Knoll','f',0,'1987-06-29 21:39:57','0b5a5551c95884d80a463a48d8bd26d1b27798aa'),(95,'Jany','Kshlerin','keegan13@ebert.info','89755165854','1983-06-14','0552 Camilla Field','m',3,'2005-04-29 14:32:30','b782b7979c204aa8552328307f08570fcb034b8b'),(96,'Noemie','Ryan','schultz.lavern@hotmail.com','89189603524','1979-01-17','1994 Boehm Flats Suite 744','f',0,'1981-07-28 22:16:21','fa9cda215798b44dce6b07f7a998e719e661954a'),(97,'Breanna','Heathcote','forrest92@hotmail.com','89802127412','1979-02-22','261 Beier Inlet','m',9,'1973-05-10 14:30:20','cb5eb13f0c70392be0c4bd5172c69c6322609cdc'),(98,'Ayden','Kshlerin','enrique.keeling@rodriguezmurray.net','89811320150','1983-03-04','909 Mueller Islands Suite 498','m',4,'2015-03-26 20:32:16','9bcea842118f98d03efefbf611e2957bda64c1b6'),(99,'Katheryn','Hahn','white.sven@yahoo.com','89197902035','1996-06-04','4755 Ozella Centers','f',0,'2009-01-22 18:51:40','afebc28892281cf28bca301cbac277d9a88eaab6'),(100,'August','Corwin','bogan.emelia@crona.com','89056326377','2013-11-06','5944 Lamar Crescent Apt. 353','m',3,'1977-01-23 12:04:02','25939fabaa2adffbd626468e358535ed47a0018d');
/*!40000 ALTER TABLE `users` ENABLE KEYS */;
UNLOCK TABLES;

--
-- Table structure for table `users_communities`
--

DROP TABLE IF EXISTS `users_communities`;
/*!40101 SET @saved_cs_client     = @@character_set_client */;
/*!50503 SET character_set_client = utf8mb4 */;
CREATE TABLE `users_communities` (
  `user_id` bigint unsigned NOT NULL,
  `community_id` bigint unsigned NOT NULL,
  PRIMARY KEY (`user_id`,`community_id`),
  KEY `community_id` (`community_id`),
  CONSTRAINT `users_communities_ibfk_1` FOREIGN KEY (`user_id`) REFERENCES `users` (`id`),
  CONSTRAINT `users_communities_ibfk_2` FOREIGN KEY (`community_id`) REFERENCES `communities` (`id`)
) ENGINE=InnoDB DEFAULT CHARSET=utf8 COLLATE=utf8_unicode_ci;
/*!40101 SET character_set_client = @saved_cs_client */;

--
-- Dumping data for table `users_communities`
--

LOCK TABLES `users_communities` WRITE;
/*!40000 ALTER TABLE `users_communities` DISABLE KEYS */;
INSERT INTO `users_communities` VALUES (1,1),(17,1),(22,1),(89,1),(99,1),(9,2),(24,3),(45,3),(57,3),(61,3),(65,3),(76,3),(78,3),(31,4),(59,4),(67,4),(7,5),(31,5),(41,5),(63,5),(92,5),(8,6),(11,6),(14,7),(42,7),(51,7),(54,7),(74,7),(47,8),(65,8),(81,8),(11,9),(68,9),(80,9),(85,9),(4,10),(16,10),(28,10),(59,10),(94,10),(15,11),(55,11),(61,11),(2,12),(39,12),(32,14),(60,14),(4,15),(9,15),(62,15),(64,15),(67,15),(94,15),(95,15),(16,16),(29,16),(38,16),(41,16),(23,17),(66,17),(81,17),(27,18),(54,18),(61,18),(81,19),(5,20),(23,20),(60,20),(62,20),(65,20),(4,21),(5,21),(8,21),(73,21),(82,21),(5,22),(28,22),(42,22),(45,22),(47,22),(61,22),(12,23),(40,23),(43,23),(45,23),(69,23),(97,23),(33,25),(46,25),(18,26),(23,26),(29,26),(55,27),(75,27),(91,27),(40,28),(87,29),(41,30);
/*!40000 ALTER TABLE `users_communities` ENABLE KEYS */;
UNLOCK TABLES;
/*!40103 SET TIME_ZONE=@OLD_TIME_ZONE */;

/*!40101 SET SQL_MODE=@OLD_SQL_MODE */;
/*!40014 SET FOREIGN_KEY_CHECKS=@OLD_FOREIGN_KEY_CHECKS */;
/*!40014 SET UNIQUE_CHECKS=@OLD_UNIQUE_CHECKS */;
/*!40101 SET CHARACTER_SET_CLIENT=@OLD_CHARACTER_SET_CLIENT */;
/*!40101 SET CHARACTER_SET_RESULTS=@OLD_CHARACTER_SET_RESULTS */;
/*!40101 SET COLLATION_CONNECTION=@OLD_COLLATION_CONNECTION */;
/*!40111 SET SQL_NOTES=@OLD_SQL_NOTES */;

-- Dump completed on 2020-11-18 19:38:10
